CODE,Address,City,State,Country,Zip Code
HWE1,14 S. Massachusetts st,SEATTLE,WA,USA,98134
HWE2,9830 SE Washington st,SEATTLE,WA,USA,98134
HYD1,"Penjrala. Mahbubnagar District Kothur, Hyderabad",Hyderabad,Telangana,India,zip
IAH1,9155 Southlink Dr,Dallas,TX,USA,75241-7510
IAH2,9155 SOUTHLINK DR,DALLAS,TX,USA,75241
IAH4,11720 N GESSNER RD,HOUSTON,TX,USA,77064
IAH5,8903 WAREHOUSE CENTER DR,HUMBLE,TX,USA,77338
IAH6,8401 Fallbrook Drive,Houston,TX,USA,77064
IBF1,1501 Boylston Ave,Seattle,WA,USA,98122
IBF2,320 108th Ave NE,Seattle,WA,USA,98004
IBF3,1920 Terry Ave N,SEATTLE,WA,USA,98101
IBF4,1423 4th Ave,Seattle,WA,USA,98101
IBF5,4321 Univ. Way NE,Seattle,WA,USA,98105
IBF7,15230 NE 24th St,Redmond,WA,USA,98052
ICH1,135 S LaSalle St.,Chicago,IL,USA,60603
ICH2,222 W Merchandise Mart Plaza,Chicago,IL,USA,60654
ICH3,500 W. Madison,Chicago,IL,USA,60661
ICH4,227 West Monroe St,CHICAGO,IL,USA,60606
ICH5,111 E Wacker Dr,Chicago,IL,USA,60601
ICH6,130 E Randolph St,Chicago,IL,USA,60601
ICSF,2821 MARION DR STE 109,LAS VEGAS,NV,USA,89115
ICT1,1250 N Mittel Blvd,Wood Dale,IL,USA,60191
ICT2,7130 N Broadway Ave,Park City,KS,USA,67219-1410
IDC1,1100 15th St NW,Washington,DC,USA,20005
IDC4,1733 14th St NW,WASHINGTON,DC,USA,20009
IDC9,750 9th St. NW,Washington,DC,USA,20001
IDT1,5617 Industrial Drive,SPRINGFIELD,VA,USA,22151-4410
IGQ1,15924 WESTERN AVE,MARKHAM,IL,USA,60428
IGQ2,23257 S Central Ave,University Park,IL,USA,60484
ILG1,780 S. DUPONT HIGHWAY,NEW CASTLE,DE,USA,19720
ILG2,405 Lexington Ave,New York,NY,USA,10174
ILG8,80 Pine St.,New York,NY,USA,10005
ILG9,111 E. 59th St.,New York,NY,USA,10022
ILS1,14249 Whittier Blvd,Whittier,CA,USA,90607
ILS2,22001 Ventura Blvd,Woodland Hills,CA,USA,91364
ILS3,22135 Hawthorne Blvd,Torrance,CA,USA,90503
ILS4,13223 39th Ave SE,Mill Creek,WA,USA,98012
IMXF,"Parque Industrial Tres Rios, TR8 (Amazon), Carretera Mexico Queretaro km 41.5 Col. Ex Hacienda San Miguel Cuautitlan Izcalli",ct,Estado de México,Mexico,54715
IMXH,"EJE 140, Av. Central 108, Col. Zona industrial",San Luis Potosi,S.L.P.,Mexico,78395
IND1,4255 Anson Blvd,Whitestown,IN,USA,46075-4412
IND2,715 Airtech Pkwy,Plainfield,IN,USA,46168-7442
IND3,717 Airtech Pkwy,Plainfield,IN,USA,46168-7442
IND4,710 S. GIRLS SCHOOL RD.,INDIANAPOLIS,IN,USA,46231
IND5,800 PERRY RD,PLAINFIELD,IN,USA,46168-7637
IND6,1453 10th Street,Jeffersonville,IN,USA,47130
IND7,9101 Orly Drive,Indianapolis,IN,USA,46241-9605
IND8,712 S. Girls School Rd.,Marion,IN,USA,46231
IND9,1151 S Graham Rd,Greenwood,IN,USA,46143-7830
INT2,275 Omar Avenue,AVENEL,NJ,USA,07001-2240
INY1,200 Vesey Street,New York,NY,USA,10281
INY3,300 Park Ave,NEW YORK,NY,USA,10022
CSD1,9500 Gilman Drive #0102,La Jolla,CA,USA,92093
CSG1,280 Bridgeport Blvd,Newnan,GA,USA,30263
CTU1,ProLogis Industrial Park in the west park of Chengdu Hi-Tech Zone,Chengdu,Sichuan,China,zip
CTU2,Tianfu New Area,Chengdu,Sichuan,China,zip
CVG1,"1155 Worldwide Blvd., Bldg. F Park W Intl.",Hebron,KY,USA,41048-8640
CVG2,1600 Worldwide Blvd.,Hebron,KY,USA,41048-8640
CVG3,3680 Langley Dr.,Hebron,KY,USA,41048-9135
CVG5,2285 LITTON WAY,HEBRON,KY,USA,41048-8435
CVG7,560 Erlanger Rd,Erlanger,KY,USA,41018-1242
CVG8,"7968 Kentucky Drive, Suites 2-3",Florence,KY,USA,41042
CVG9,2305 LITTON LANE,HEBRON,KY,USA,41048
CWL1,"Ffordd Amazon, Crymlyn Burrows Jersey Marine",Swansea Bay,pr,United Kingdom,SA1 8QX
DAB4,1785 State Hwy 55,Amsterdam,NY,USA,12010-8173
DAB8,100 PRECISION DR,SHIRLEY,NY,USA,11967
DAE1,2595 Brodhead Rd.,Bethlehem,PA,USA,18020
DAE8,53 WEST GERMANTOWN PIKE,EAST NORRITON,PA,USA,19401
DAL2,2601 S AIRFIELD DR,IRVING,TX,USA,75038
DAL3,1301 Chalk Hill Rd,Dallas,TX,USA,75211-0108
DAL6,4601 Gold Spike,Fort Worth,TX,USA,76106
DAL9,1400 SOUTHPORT PKWY,WILMER,TX,USA,75172
DAS8,110 Fordham Rd.,WILMINGTON,MA,USA,1887
DAT2,1700 BELLE MEADE CT,LAWRENCEVILLE,GA,USA,30043
DAT6,7055 CAMPBELLTON RD,ATLANTA,GA,USA,30331
DAU1,2093-2209 Rutland Dr,Austin,TX,USA,78758
DAU5,2956 MAIN ST.,BUDA,TX,USA,78610
DAU7,3150 CHISHOLM TRAIL RD,ROUND ROCK,TX,USA,78681
DAV1,"1 Shields Ave, Room 182",Davis,CA,USA,95616-8662
DAX3,20730 Prairie St,Charsworth,CA,USA,91311-6010
DAX7,9350 RAYO AVE,SOUTH GATE,CA,USA,90280
DAX8,500 W Technology Dr,Palmdale,CA,USA,93551-3748
DAY3,700 Gateway Blvd,Monroe,OH,USA,45050-1848
DB01,201 Beacham Street,Everett (Chelsea),MA,USA,2149
DB02,500 Sprague St.,Dedham,MA,USA,2026
DBA7,16604 INDUSTRIAL LANE,WILLIAMSPORT,MD,USA,21795
DBA8,7021 DORSEY RD,HANOVER,MD,USA,21076
DBC3,800 JOHN QUINCY ADAMDS RD,TAUNTON,MA,USA,2780
DBC6,100 INDUSTRIAL PARK RD,HINGHAM,MA,USA,2043
DBK1,1 BULOVA AVE,WOODSIDE,NY,USA,11377
DBK6,2300 Linden Blvd,Brooklyn,NY,USA,11208-4844
DBL8,"8 OLD SHERMAN TURNPIKE, #24",DANBURY,CT,USA,6810
DBO8,24 ALGER ST,BOSTON,MA,USA,2127
DBO9,30 COMMERCE BLVD,MIDDLEBOROUGH,MA,USA,2346
DBU1,400 RIVERWALK PKWY,TONAWANDA,NY,USA,14150-5815
DBU3,2 WESTBURY AVE,CARLE PLACE,NY,USA,11514
DCA1,1700 SPARROWS POINT BLVD.,SPARROWS POINT,MD,USA,21219
DCA2,5250 Goodman Way,Eastvale,CA,USA,91752-5088
DCA6,6001 BETHLEHEM BLVD,EDGEMERE,MD,USA,21219
DCB2,560 WEST ST,MANSFIELD,MA,USA,2048
DCB8,351 MAPLE ST,BELLINGHAM,MA,USA,2019
DCH1,2801 S. Western Ave.,Chicago,IL,USA,60608
DCH2,8220 Austin Ave.,Morton Grove,IL,USA,60053
DCH3,4500 Western Ave.,Lisle,IL,USA,60532
FTW1,33333 LYNDON B JOHNSON FREEWAY,DALLAS,TX,USA,75241-7203
FTW2,2701 W Bethel Rd,DFW Airport,TX,USA,75261
FTW3,15201 Herritage Pkwy,Fort Worth,TX,USA,76177-2517
FTW4,4601 Gold Spike Drive,Fort Worth,TX,USA,76106
FTW5,1475 AKRON WAY,FORNEY,TX,USA,75126-3566
FTW6,2601 W. BETHEL RD.,DFW AIRPORT,TX,USA,75261-4015
FTW7,944 W. SANDY LAKE RD.,COPPELL,TX,USA,75019
FTW8,3351 BALMORHEA DR.,DALLAS,TX,USA,75134-7304
FTW9,944 West Sandy Lake Road,COPPELL,TX,USA,75019-3989
FWA4,9800 SMITH RD,FORT WAYNE,IN,USA,46818
GAT1,86 5th St NW,Atlanta,GA,USA,30308
GDL1,123 Unknown,Guadaljara,MX,Mexico,0
GEG1,10010 W. GEIGER BLVD.,SPOKANE,WA,USA,99224
GEG2,18007 E Garland Ave,Spokane Valley,WA,USA,99216
GEU1,10205 W ROOSEVELT ST,AVONDALE,AZ,USA,85323
GLA1,"2 Cloch Road, Faulds Park",Gourock,Inverclyde,United Kingdom,PA19 1BQ
GRR1,6853 PATTERSON AVE SE #7161,CALEDONIA,MI,USA,49316
GRU1,"Estrada dos Alpes, 900, Bairro dos Altos",Barueri,Sao Paulo,Brazil,6423
GRU5,st,Cajamar,SP,Brazil,7776415
GS01,1656 OLD GREENSBORO RD,KERNERSVILLE,NC,USA,27284
GSO1,1656 Old Greensboro Rd.,Kernersville,NC,USA,27284
GSP1,402 JOHN DODD RD,SPARTANBURG,SC,USA,29303-6312
GYR1,580 S 143rd Ave,Goodyear,AZ,USA,85338
GYR2,17341 W MINNEZONA AVE,GOODYEAR,AZ,USA,85395
GYR3,8181 W ROOSEVELT ST,PHOENIX,AZ,USA,85043
GYR4,10205 W Roosevelt St,Avondale,AZ,USA,85323
HAM1,"Winsen, Lower Saxony",Winsen,Lower Saxony,Germany,zip
HAT9,2201 Thornton Road,Lithia Springs,GA,USA,30122
HBA3,817 N. POINT RD,BALTIMORE,MD,USA,21237
HCA3,3334 N San Fernando Rd Bldg E,Los Angeles,CA,USA,90065-1417
HCA4,1555 N CHRISMAN RD,TRACY,CA,USA,95304
HCA6,2727 Kurtz St,San Diego,CA,USA,92110
HCA7,10681 Production Ave,Fontana,CA,USA,92337
HCA8,1350 N. MacArthur Drive,Tracy,CA,USA,95304
HCA9,455 VALLEY DR,BRISBANE,CA,USA,94005-1209
HCL9,12220 Carolina Logistics Drive,PINEVILLE,NC,USA,28134
HCM9,3538 TRADEPORT CT,LOCKBOURNE,OH,USA,43137
HDA1,306 AIRLINE DR #300,COPPELL,TX,USA,75019
HDA9,2701 W. Bethel Rd.,COPPELL,TX,USA,75019
HDS9,200 SE 37TH ST,GRIMES,IA,USA,50111
HDT9,12795 Premier Ctr. Ct,PLYMOUTH,MN,USA,48170
HEA1,9 Livingstone St,DORCHESTER CENTER,MA,USA,2124
HEA2,311Ella St,PITTSBURGH,PA,USA,15224
HEW9,343 HALF ACRE RD,CRANBURY,NJ,USA,8512
HFD5,1339 Tolland Turnpike,Manchester,CT,USA,06042-8928
HGA3,"2160 Breckenridge Blvd, Site 10",Lawrenceville,GA,USA,30043
HGA6,97 PEACHTREE ST SW,ATLANTA,GA,USA,30303
HGR2,1115 WESEL BLVD,HAGERSTOWN,MD,USA,21740
HHO9,16625 TOMBALL PKWY STE A,HOUSTON,TX,USA,77064
HIL1,1111 Cherry Street,Chicago,IL,USA,60642
MAB9,13752 Jamboree Rd,Irvine,CA,USA,92602
MAC1,"3116 S. Rt. 59, suite #104",Naperville,IL,USA,60564
MAC2,1100 S Harbor Blvd,Fullerton,CA,USA,92832
MAC4,1610 W Imperial Hwy,La Habra,CA,USA,90631
MAC7,16 E Golf Rd,Schaumburg,CA,USA,91367
MAC9,6235 E Spring St,Long Beach,CA,USA,90808
MAD4,"Avenida de la Astronomia 24, Madrid Puerta de San Fernando",San Fernando de Henares,Madrid,Spain,28830
MAE1,399 Fairview Ave North,Seattle,WA,USA,98109
MAE3,6939 Dempster St,Morton Grove,IL,USA,60053
MAE4,4101 W 95th St,Oak Lawn,IL,USA,60453
MAE6,15225 Whittier Blvd,Whittier,CA,USA,90603
MAF1,5463 Wisconsin Ave,Chevy Chase Village,MD,USA,20815
MAF4,140 Promenade Way,Westlake Village,CA,USA,91362
MAF6,1837 Street Rd,Bensalem,PA,USA,19020
MAF7,389 Easton Road,Warrington,PA,USA,18976
MAF9,11340 South Street,Cerritos,CA,USA,90701
MAG,3404 W Army Trail Rd,Bloomingdale,IL,USA,60188
MAG1,6855 S La Cienega Blvd,Los Angeles,CA,USA,90045
MAG3,404 W Army Trail Rd,Bloomingdale,IL,USA,60188
MAG4,30 W 63rd St,Westmont,IL,USA,60559
MAG6,7005 Manchester Blvd,Franconia,VA,USA,22310
MAH8,40481 Murrieta Hot Springs Rd,Murrieta,WA,USA,92563
MAJ2,7201 W 24th St,Riverside,IL,USA,60546
MAJ5,1351 E Ogden Ave,Naperville,IL,USA,60563
MAK3,3620 Long Beach Rd,Oceanside,NY,USA,11572
MAM7,742 Los Angeles Ave,Moorpark,CA,USA,93021
MAN1,"Wythenshawe's Airport City, Manchester Airport City",Manchester,pr,United Kingdom,zip
Mar1,"4200 Guilford Dr, Suite B1",College Park,MD,USA,20740
MAS1,"220 Campus Center, 1 Campus Center Way",Amherst,MA,USA,1003
MC05,305 Deen Still Road,Davenport,FL,USA,33897
MCE1,Fulkert Rd,Turlock,CA,USA,95380
MCI1,16851 W 113th St,Lenexa,KS,USA,66219
MCI2,14500 Botts Rd,Kansas City,MO,USA,64147
MCI5,16851 W 113th St,Lenexa,KS,USA,66219
MCI7,27200 W. 157th St.,New Century,KS,USA,66031-1114
MCIX,113th Street and Renner Boulevard,Lenexa,KS,USA,66219
MCO1,12340 Boggy Creek Rd,Orlando,FL,USA,32824-6902
MCO2,2600 N Normandy Blvd,Deltona,FL,USA,32725
MCO3,8825 Boggy Creek Rd,Orlando,FL,USA,32824
MCO4,2314 Waverly Barn Rd Ste 150,Davenport,FL,USA,33897-8601
MCO5,305 Deen Still Rd,Davenport,FL,USA,33897-9409
MCO6,7469 Kingspointe Parkway,Orlando,FL,USA,32819
MCO9,2841 Access Rd NW,Davenport,FL,USA,33897
MDT1,2 Ames Dr,Carlisle,PA,USA,17015
MDT2,600 Principio Pkwy W,North East,MD,USA,21901
MDT3,460 Research Drive,Pittison,PA,USA,18640-6152
MDT5,200 Goodman Dr,Lewisberry,PA,USA,17339
MDW1,Greater Chicago Area,Joliet,IL,USA,60433
MDW2,401 E Laraway Road,Joliet,IL,USA,60433-9642
MDW4,201 Emerald Drive,Joilet,IL,USA,60433-3281
MDW5,16824 Enterprise Blvd,Crest Hill,IL,USA,60435
ULA1,635 8th St,SAN FERNANDO,CA,USA,91340
ULA2,4278 N. Harbor Blvd.,FULLERTON,CA,USA,92835
ULA6,5119 District Blvd,LOS ANGELES,CA,USA,90058
UMA3,30 Northampton Street,Boston,MA,USA,2118
UMA4,201 Beacham St,Chelsea,MA,USA,2150
UMD1,5501 Holabird Ave,Baltimore,MD,USA,21224
UMI2,999 Chicago Road,Troy,MI,USA,48083
UMN1,763 Kasota Ave,Minneapolis,MN,USA,55414-2842
UMN2,6105 Trenton Ln N,MINNEAPOLIS,MN,USA,55442
UNC1,st,Charlotte,NC,USA,28201
UNC2,3200 Bush Street,Raleigh,NC,USA,27609
UNC3,4525 Statesville Ave,CHARLOTTE,NC,USA,28269
UNJ1,940 Monroe Street,Hoboken,NJ,USA,7030
UNV1,3650 East Post Road. Suite E,Las Vegas,NV,USA,89120
UNV2,1945 E RUSSELL RD SUITES 201-204,Las Vegas,NV,USA,89119
UNV3,2951 N Marion Dr Suite 101-103,Las Vegas,NV,USA,89115
UNY1,850 3rd Ave.,Brooklyn,NY,USA,11232
UNY2,1080 Leggett Ave,BRONX,NY,USA,10474
UNY3,57-00 49th Place,MASPETH,NY,USA,11378
UNY4,80 Grumman Rd W,BETHPAGE,NY,USA,11714
UNY5,55 Bay St Brooklyn,BROOKLYN,NY,USA,11231
UOH1,Winton Hills,Cincinnati,OH,USA,45232
UOH2,3563 Interchange Rd,Columbus,OH,USA,43204
UOH4,4401 Equity Dr,COLUMBUS,OH,USA,43228
UOH5,492 Central Dr,VIRGINIA BEACH,VA,USA,23454
UOR1,2250 Northwest 22nd Avenue,Portland,OR,USA,97210
UOR2,5015 NW FRONT AVE,PORTLAND,OR,USA,97210-1105
UPA1,4101 Sansom St,Philadelphia,PA,USA,19104
USC1,3640 Ramos Dr,WEST SACRAMENTO,CA,USA,95691-6401
USC2,2400 McClellan Park Dr,SACRAMENTO,CA,USA,95838
USD1,9269 Lightwave Ave,SAN DIEGO,CA,USA,92123
USF1,750 Laurelwood Road,SANTA CLARA,CA,USA,95054
USF2,1700 Fairway Dr,SAN LEANDRO,CA,USA,94577
USF3,1911 Lundy Ave,SAN JOSE,CA,USA,95131
USF4,455 Valley Drive,BRISBANE,CA,USA,94005
UTN1,410 Harding Industrial Dr.,Nashville,TN,USA,37211
UTX1,st,Irving,TX,USA,75014
UTX2,st,Austin,TX,USA,73301
UTX3,4221 Way Out West Drive,Houston,TX,USA,77092-1455
UTX4,PO Box 80387,Seattle,WA,USA,98108
UTX5,4848 Perrin Creek #680,San Antonio,TX,USA,78217
UTX7,4601 Gold Spike Drive,Fort Worth,TX,USA,76106
UTX8,"2800 S Texas Avenue, Suite 401",Bryan,TX,USA,77802
UTX9,4616 W Howard Lane,AUSTIN,TX,USA,78728
UVA1,5617 Industrial Dr. Suite A,Springfield,VA,USA,22151
UVA2,st,Chesapeake,VA,USA,zip
UVA3,2034 Dabney Road,Richmond,VA,USA,23230
UVA4,4100 Tomlynn St,RICHMOND,VA,USA,23230
UVA5,492 Central Dr,VIRGINIA BEACH,VA,USA,23454
UWA1,11710 118th Ave NE Building B,Kirkland,WA,USA,98034
UWA2,13537 Aurora Ave. N.,North Seattle,WA,USA,98133
DEV3,6050 E MARGINAL WAY S,SEATTLE,WA,USA,98108
DEV4,6050 E MARGINAL WAY S,SEATTLE,WA,USA,98108
DEW1,2 Empire Boulevard,Moonachie,NJ,USA,7074
DEW5,10 PRINCESS RD,LAWRENCE TOWNSHIP,NJ,USA,8648
DFA5,"400 LITTLEFIELD AVE., #438",SOUTH SAN FRANCISCO,CA,USA,94080
DFL3,2121 NW 67TH PL,GAINESVILLE,FL,USA,32653
DFL4,4401 SEABOARD RD,ORLANDO,FL,USA,32808
DFL7,8100 FL-33,LAKELAND,FL,USA,33809
DFM3,770 COMMERCE DR,VENICE,FL,USA,34292
DFO1,22801 8th St E,Sonoma,CA,USA,95476
DFO2,4000 WILBUR AVE,OAKLEY,CA,USA,94561
DFO3,400 LONGFELLOW COURT,LIVERMORE,CA,USA,94550
DFS8,2995 Atlas Rd.,Richmond,CA,USA,94806
DFW1,2700 Regent Blvd,DFW Airport,TX,USA,75261
DFW6,940 W Bethel Rd,Coppell,TX,USA,75019-4424
DFW7,700 WESTPORT PARKWAY,Fort Worth,TX,USA,76177-4513
DFW8,2700 Regent Blvd,Irving,TX,USA,75063
DFW9,2700 Regent Blvd,Irving,TX,USA,75063
DGE4,1500 CROSSGATE RD,PORT WENTWORTH,GA,USA,31407
DGE9,5000 LANIER ISLANDS PARKWAY,BUFORD,GA,USA,30518
DGR3,33600 Mound Rd,Sterling Heights,MI,USA,48310-6526
DGR6,3951 Trade Dr SE 1st Floor,Grand Rapids,MI,USA,49508-2499
DHO4,5615 WEST FUQUA ST,HOUSTON,TX,USA,77085
DHO7,28420 W Ten Blvd.,Katy,TX,USA,77494
DHP1,2 Eastman Way,Hemel Hempstead,Hertfordshire,United Kingdom,HP2 7DU
DHX1,3031 S. SAM HOUSTON PARKWAY E,HOUSTON,TX,USA,77032
DHX3,12900 W AIRPORT BLVD,SUGAR LAND,TX,USA,77478
DHX5,1102 STATE HWY 161,Grand Prairie,TX,USA,75051
DIA3,1301 E Gateway Dr.,GRIMES,IA,USA,50111
DIA4,2500 HEINZ RD,IOWA,IA,USA,52240
DIL3,3507 W 51ST ST,CHICAGO,IL,USA,60632
DIL5,808 DISCOVERY DRIVE,WEST CHICAGO,IL,USA,60185
DIN4,1621 Collins Rd,Greenwood,IN,USA,46143-2114
DIN6,8610 AVIONICS DR,FORT WAYNE,IN,USA,46809
DJA1,11084 Cabot Commerce Circle,Jacksonville,FL,USA,32226
DJE1,8 B Court South,Edison,NJ,USA,8817
DJE2,1250 FOREST PKWY,PAULSBORO,NJ,USA,8066
DJE3,2320 Center Square Rd,Logan Township,NJ,USA,08085-1796
DJE6,79 THOMAS MCGOVERN DR,JERSEY CITY,NJ,USA,7305
DJR6,5 Logistics Dr,Kearny,NJ,USA,00732-6537
DJX2,4645 Blanding Blvd,Jacksonville,FL,USA,32210-7324
DJX3,250 BUSCH DR,JACKSONVILLE,FL,USA,32218
DJZ1,125 North St,Teterboro,NJ,USA,07608-1201
DJZ2,610 WASHINGTON AVE,CARLSTADT,NJ,USA,7072
DJZ3,377 ROOSEVELT AVE,CARTERET,NJ,USA,7008
DJZ4,50 CENTRAL AVE,KEARNY,NJ,USA,7032
DJZ5,429 DELANCY ST,NEWARK,NJ,USA,7105
DJZ8,1 Paddock St,Avenel,NJ,USA,07001-1856
DKY4,3191 RIVER RD,CINCINNATI,OH,USA,45204
DLA1,900 W Florence Ave.,Inglewood,CA,USA,90301
DCH9,"7557 S 78TH AVE., #7575",BRIDGEVIEW,IL,USA,60455
DCL4,24800 MILES RD,BEDFORD,OH,USA,44146
DCL5,2040 S. REYNOLDS RD,TOLEDO,OH,USA,43614
DCM3,43500 VICTORY PARKWAY,SOLON,OH,USA,44139
DCM5,8591 Mink St SW,Etna,OH,USA,43062-8870
DCM6,1280 London Groveport Rd,Lockbourne,OH,USA,43137
DCR1,"Units 2 - 4, Access 23, Purley Way, 4-8 Queensway",Croydon,South London,United Kingdom,CRO 4BD
DCX1,7227 CENTRAL AVE,RIVERSIDE,CA,USA,92504
DCX2,25725 JERONIMO RD.,MISSION VIEJO,CA,USA,92691
DCX5,970 McLaughlin Ave,San Jose,CA,USA,95122-2611
DCX7,950 FRANCISCO ST,TORRANCE,CA,USA,90502
DCX8,1256 N Magnolia Ave.,Anaheim,CA,USA,92801
DCY9,48 Boston Post Rd,Orange,CT,USA,6477
DDA2,3838 W MILLER RD,GARLAND,TX,USA,75041
DDA3,4601 GOLD SPIKE DR.,FORT WORTH,TX,USA,76106
DDA8,8901 FORNEY RD,DALLAS,TX,USA,75227
DDA9,3700 San Jacinto Dr,Ft Worth,TX,USA,76126
DDC1,12401 North Stemmons Fwy.,Farmers Branch,TX,USA,75234
DDC2,861 E Gude Drive,Rockville,MD,USA,20850
DDC9,5533 WELLINGTON RD,GAINESVILLE,VA,USA,20155
DDF1,1303 RIDGEVIEW DR,LEWISVILLE,TX,USA,75057
DDO6,2751 Skypark Dr,Torrance,CA,USA,90505-5351
DDP2,2400 S. WECCACOE AVE,PHILADELPHIA,PA,USA,19148
DDP5,6300 BRISTOL PIKE,LEVITTOWN,PA,USA,19057
DDP7,3750 State Rd,Bensalem,PA,USA,19020-5903
DDT3,28415 AUTOMATION BLVD.,WIXOM,MI,USA,48393
DDT4,7009 W. Mountain Hope Hwy,Lansing,MI,USA,48917
DDT6,1200 FEATHERSTONE RD,PONTIAC,MI,USA,48342
DDV2,900 E 128th Ave,Thornton,CO,USA,80241
DDV5,2889 HIMALAYA RD,AURORA,CO,USA,80011
DDX,4949 Amon Carter Blvd.,Fort Worth,TX,USA,76155
DDX2,1398 INDUSTRIAL BLVD,MCKINNEY,TX,USA,75069
DDX6,16399 GATEWAY PATH,FRISCO,TX,USA,75078
DDX7,1101 S. GATEWAY BLVD,FORNEY,TX,USA,75126
DEDC,2020 Joe B Jackson Parkway,Murfreesboro,TN,USA,37127
DEL2,"Delhi, India",Delhi,pr,India,l6000
DEL3,"Tauru, Haryana",Tauru,Haryana,India,zip
DEN1,189 W 144th Ave,Thornton,CO,USA,80023
DEN2,22205 E. 19TH AVE.,AURORA,CO,USA,80019-3710
DEN3,14601 GRANT ST.,THORNTON,CO,USA,80023-6622
DEN4,4222 INTEGRATION LOOP,COLORADO SPRINGS,CO,USA,80916
DEN5,19799 E 36TH AVE.,AURORA,CO,USA,80011-8189
DEN6,480 E. 55TH ST.,DENVER,CO,USA,80216
DEN7,22300 E 26TH AVE,AURORA,CO,USA,80019
DEN8,20500 E Colfax Ave,Aurora,CO,USA,80018
DET1,39000 AMRHEIN RD.,LIVONIA,MI,USA,48150-1043
DET2,50500 Mound Rd,Shelby Township,MI,USA,48317-1318
DET3,1200 Featherstone Rd,Pontiac,MI,USA,48342
DET7,33700 Prescott Street,ROMULUS,MI,USA,48174
DEV1,2121 7th Ave,SEATTLE,WA,USA,98121-5114
DEV2,125 SW HOPKINS AVE,CORVALLIS,OR,USA,97333
VUVC,"2500 Export Dr, Door 1",Louisville,KY,USA,40219
VUWA,13243 Nutro Way,Victorville,CA,USA,92395
VUWB,6373 Brackbill Blvd,Mechanicsburg,PA,USA,17050-2876
VUWC,4700 E Nestle Purina Ave,Flagstaff,CA,USA,86004
VUWE,736 Garner Rd,Modesto,CA,USA,95357
VUWH,5725 Jurupa St,Ontario,CA,USA,91761
VUWI,4015 Lakeview Corporate Drive,EDWARDSVILLE,IL,USA,62025
VUWR,2301 W. Bernardino Ave.,REDLANDS,CA,USA,92374
WR01,"12804 ul. Logistyczna, 55-040 Bielany Wroclawskie",Wroclaw,pr,Poland,zip
WR02,1076000,Wroclaw,pr,Poland,zip
WRO1,1083000 Near Nowa Wie? junction linking motorways A4 and A8,Bielany Wroclawskie,Suburb,Poland,zip
WRO2,1076000,Wroclaw,pr,Poland,zip
WUH1,300000,Wuhan,Hubei,China,zip
XBC1,15750 Mountain Avenue,Chino,CA,USA,91708
XBRA,"Avenida Doutor Antonio Joao Abadalla, 260, Bairro Cristais Jordanesia",Cajamar,SP,Brazil,7776700
XBRZ,Estrada dos Alpes 970,Barueri,Sao Paulo,Brazil,6423080
XBSP,15750 Mountain Ave,CHINO,CA,USA,91708
XBW1,5300 Nottingham Rd.,NOTTINGHAM,MD,USA,21236
XCAB,1882 118 Avenue NE,Calgary,AB,Canada,T3K 0R1
XCAC,9501 Highway 50,Woodbridge,ON,Canada,L4H 2B9
XEW1,6855 SHANNON PKWY,UNION CITY,GA,USA,30291-2091
XEW2,6855 SHANNON PKWY,UNION CITY,GA,USA,30291
XFI1,6351 Cameron Boulevard,Gilroy,CA,USA,95020
XIX1,18 APPLEGATE DR,ROBBINSVILLE,NJ,USA,8691
XIX2,2020 E Central Ave,San Bernardino,CA,USA,92408-0123
XIX3,1400 SOUTHPORT PKWY BLDG 7,WILMER,TX,USA,75172-1265
XIX4,5155 Citation Drive,MEMPHIS,TN,USA,38118-7830
XIX5,11211 Burlington Road,KENOSHA,WI,USA,53144-7449
XIX6,10681 Production Ave,Fontana,CA,USA,92337-8006
XIX7,555 E ORANGE SHOW RD,SAN BERNARDINO,CA,USA,92408-2453
XIX8,235 HOG MOUNTAIN RD,JEFFERSON,GA,USA,30549
XIY1,625800,Xi'ian,Shaanxi,China,zip
XLA2,6725 Kimball Ave,Chino,CA,USA,91708
XLAA,"5691 E Philadelphia, Suite 100",Ontario,CA,USA,91761
XLAB,1701 Normantown Rd,Romeoville,IL,USA,60446
XLAE,5330 Crosswind Dr,Columbus,OH,USA,43228
XLAF,1600 Roe St,Dallas,TX,USA,75215
XLAG,2115 S Sinclair Ave,Stockton,CA,USA,95215
XLAH,580 Raco Pkwy,Pendergrass,GA,USA,30567
XLAI,7650 S 228th St,Kent,WA,USA,98032
XLAJ,3440 Meyers Rd,Memphis,TN,USA,38108
XLAK,"18875 E BROMLEY LN, SUITE A",BRIGHTON,CO,USA,80601
XLBA,1123 4th ST SW,Conover,NC,USA,28613
XLX1,1115 WESEL BLVD,HAGERSTOWN,MD,USA,21740
XLX2,3565 N AIRPORT WAY,MANTECAA,CA,USA,95336
XLX3,4375 N Perris Blvd,PERRISA,CA,USA,92571
XLX4,4701 Commerce Rd.,RICHMOND,VA,USA,23234
XMN1,170000,Xiamen,Fujian,China,zip
XMN2,170000,Xiamen,Fujian,China,zip
XSF1,2250 Promontory Pkwy,TRACY,CA,USA,95377
XSP1,1115 Vaughn Parkway,Portland,TN,USA,37148
MQJ5,1800 SMITH RD,PLAINFIELD,IN,USA,46168
MQJ9,120 JIM BLACK RD,FRANKLIN,IN,USA,46131
MQY1,6060 GOLDEN BEAR GATEWAY,MOUNT JULIET,TN,USA,37122
MRS1,"Building 2, Rue Joseph Garde. ZAC Les Portes de Provence",Montelimar,Drome,France,F-26200
MSP1,2601 4th Ave E,Shakopee,MN,USA,55379-1726
MSP4,10608 HUDSON RD,WOODBURY,MN,USA,55129-9113
MSP5,5825 11TH AVENUE EAST,SHAKOPEE,MN,USA,55379-3810
MSP6,9800 217TH ST W,Lakeville,MN,USA,55044-5076
MSP7,10655 County Road 81,Maple Grove,MN,USA,55369-4016
MSP9,9001 Wyoming Ave. North,Brooklyn Park,MN,USA,55445
MSPS,5825 11TH AVENUE EAST,SHAKOPEE,MN,USA,55379-3810
MTN1,1025 BOXWOOD RD,WILMINGTON,DE,USA,19804
MTN2,913 OLD PHILADELPHIA RD,ABERDEEN,MD,USA,21001
MTN3,1701 Finishing Mill Road,SPARROWSPOINT,MD,USA,21219
MTN5,5300 HOLABIRD AVE.,BALTIMORE,MD,USA,21224
MTN6,1701 Finishing Mills rd,Sparrows Point,MD,USA,21219-1057
MTN7,913 OLD PHILADELPHIA RD,ABERDEEN,MD,USA,21001
MTN8,811 Wesel Blvd,Hagerstown,MD,USA,21740-8124
MTN9,5300 NOTTINGHAM DRIVE,WHITE MARSH,MD,USA,21236
MTY1,st,Ciudad Apodaca,Nuevo Leon,MX,0
MUC3,11836 Amazonstrasse 1 / Zeppelinstrasse 2,Graben,Bavaria,Germany,86836
MXP5,"Amazon Italia Logistica S.r.L, Strada Dogana Po 2 U",Castel San Giovanni,Piacenza,Italy,29015
NG02,10-6 Asahigaoka,Tajimi-shi,Gifu,Japan,507-0071
NGO2,10-chome Gifu Prefecture Tajimi Asahigaoka,Tajimi Asahigaoka,Gifu Prefecture,Japan,zip
NNG1,Beibu Gulf Technopark,Nanning,Guangxi,China,zip
NRT1,"Amazon Ichikawa FC, 2-13-1 Shiohama",Ichikawa-shi,Chiba,Japan,272-0127
NRT2,2036 Kamikoya,Yachiyo-shi,Chiba,Japan,276-0022
NRT5,1-10-15 Minamidai,Kawagoe-shi,Saitama,Japan,350-1165
OAK3,255 Park Center Dr,Patterson,CA,USA,95363-8876
OAK4,1555 N Chrisman Rd,Tracy,CA,USA,95304-9370
OAK5,38811 Cherry St,Newark,CA,USA,94560-4939
OAK6,1350 N. MacArthur Drive,Tracy,CA,USA,95304-9370
OAK7,38811 Cherry St,Newark,CA,USA,94560
OAK8,1 Middleton Way,American Canyon,CA,USA,94503
OAK9,6250 PROMONTORY PKWY,TRACY,CA,USA,95377
OGD1,770S GLADIOLA ST,SALT LAKE CITY,UT,USA,84104
OKC1,9201 S. Portland Ave.,OKLAHOMA CITY,OK,USA,73159
OKC2,8991 S PORTLAND AVE,OKLAHOMA CITY,OK,USA,73159
OKC5,1414 S. COUNCIL RD.,OKLAHOMA CITY,OK,USA,73128
OKC9,1155 Babbitt Rd.,Euclid,OH,USA,44132
OLM1,3300 HOGUM BAY ROAD NE,LACEY,WA,USA,98516
OMA2,10809 S 144 St,Omaha,NE,USA,68138-3849
ONT1,11200 Iberia St,Jurupa Valley,CA,USA,91752-3265
ONT2,1910 E CENTRAL AVE,SAN BERNARDINO,CA,USA,92408
ONT3,1910 E. Central Ave.,San Bernadino,CA,USA,92408
ONT4,1910 E Central Ave,San Bernardino,CA,USA,92408-0123
ONT5,2020 E. Central Ave. Bldg. 4,San Bernardino,CA,USA,92408
ONT6,24208 San Michelle Rd,Moreno Valley,CA,USA,92551-9561
ONT7,8601 MERRILL AVE,CHINO,CA,USA,91710
ONT8,24300 NANDINA AVENUE,MORENO VALLEY,CA,USA,92553
ONT9,2125 W San Bernardino Ave,Redlands,CA,USA,92374-5005
DUS2,Amazonstrasse 1 / Alte Landstrasse,Rheinberg,North Rhine-Westphalia,Germany,47495
DVA2,1601 Bellwood Rd.,Richmond,VA,USA,23237
DVA5,11920 Balls Ford Rd,Manassas,VA,USA,20109-2484
DWA6,22001 84th Ave S,Kent,WA,USA,98032-1962
DWA9,3711 142ND AVE E,SUMNER,WA,USA,98390
DWF9,2700 Regent Blvd.,Irving,TX,USA,75063
DWI4,3650 MILWAUKEE ST,MADISON,WI,USA,53714
DWS5,6617 ASSOCIATED BLVD,EVERETT,WA,USA,98203
DWX3,6050 E. MARGINAL WAY S,SEATTLE,WA,USA,98108
DXB1,"45500 Britania point, Patent Dr",Wednesbury,West Midlands,United Kingdom,WS10 7XB
DXC5,44109 PACIFIC COMMONS BLVD,FREMONT,CA,USA,94538
DXC8,1710 LITTLE ORCHARD ST,SAN JOSE,CA,USA,95125
DXH6,3800 FINLEY RD,DOWNERS GROVE,IL,USA,60515
DXY4,200 Oritani Dr,Blauvelt,NY,USA,10913-1024
DYN5,10 Patton Dr,West Caldwell,NJ,USA,07006-6405
DYO1,500 Hudson Valley Ave,New Windsor,NY,USA,12553
DYO2,1055 BRONX RIVER AVE,BRONX,NY,USA,10472
DYO5,7120 Main St,Trumbull,CT,USA,06611-6315
DYR7,717 Broadway Ave,Holbrook,NY,USA,11741-4905
DYX2,526 Gulf Ave,Staten Island,NY,USA,10314-7120
DZYO1,3850 21st St,Long Island City,NY,USA,11101-3604
EDE4,Wahrbrink 25,Werne/Lippe,North Rhine-Westphalia,Germany,58368
EDE5,Wahrbrink 25,Werne/Lippe,North Rhine-Westphalia,Germany,59368
EDE6,Werne,Werne,North Rhine-Westphalia,Germany,58368
EDI4,1000 Amazon Way,Dunfermline,Fife (Glenrothes),United Kingdom,KY11 8ST
ELP1,12101 EMERALD PASS DR,EL PASO,TX,USA,79928
EMA1,Little Battleflat Farm,"Ellistown, Coalville",Leicestershire,United Kingdom,zip
EUG5,1001 N SCHMEER RD,PORTLAND,OR,USA,97217
EUK5,Phase 2. Kingston Park Flaxley Road,Peterborough,Cambridgeshire,United Kingdom,PE29EN
EWR1,50 New Canton Way,Robinsville,NJ,USA,8691
EWR4,50 New Canton Way,ROBBINSVILLE,NJ,USA,08691-2350
EWR5,301 Blair Rd,Avenel,NJ,USA,07001-2225
EWR6,275 Omar Avenue,Avenel,NJ,USA,07001-2240
EWR7,275 Omar Ave,Avenel,NJ,USA,7001
EWR8,698 ROUTE 46,TETERBORO,NJ,USA,7608
EWR9,8003 INDUSTRIAL AVE,CARTERET,NJ,USA,07008-3529
FAR1,3701 40th Avenue N,Fargo,ND,USA,58102-7400
FAT1,3575 S Orange Ave,Fresno,CA,USA,93725-9366
FAT2,3315 N. KELSEY ST,VISALIA,CA,USA,93291
FAT5,3611 S Northpointe Dr,Fresno,CA,USA,93725-1962
FDL3,24208 SAN MICHELE RD,MORENO VALLEY,CA,USA,92551-9561
FDN1,80 Grumman Rd,BETHPAGE,NY,USA,11714
FDP1,4000 McClaren Woods Dr,CORAOPOLIS,PA,USA,15108
FOE1,9700 LEAVENWORTH RD,KANSAS CITY,KS,USA,66109
FRA1,"Am Schloss Eichhof 1, Bad Hersfeld -Schloss Eichhof",Bad Hersfeld,Hessen,Germany,36251
FRA3,"Amazonstrasse 1, Bad Hersfeld -Obere Kuehnbach",Bad Hersfeld,Hessen,Germany,36251
FSE2,5100 15th Ave NW,Seattle,WA,USA,98107
FSE3,76 South Lander Street,Seattle,WA,USA,98134
FSZ1,4-5-1 Ogi-cho,Odawara-shi,Kanagawa,Japan,250-0001
STR1,Amazonstrasse 1 / Bauschlotter Strasse,Pforzheim,Baden-Wurttemberg,Germany,75177
STX2,1625 Hutton Dr.,Carrollton,TX,USA,75006
STX3,4445 Rock Quarry Rd,Dallas,TX,USA,75211-1409
STX4,10611 RED BLUFF RD,PASADENA,TX,USA,77507
STX5,5216 Campbell Rd,Houston,TX,USA,77041
STX6,18625 SCHULTZ LN,PFLUGERVILLE,TX,USA,78660
STX7,2214 CORNER RIDGE,SAN ANTONIO,TX,USA,78219
SU2A,1201 Aviation Blvd,Hebron,KY,USA,41048
SUAA,1201 Aviation Blvd,Hebron,KY,USA,41048
SUAB,2800 CORPORATE EXCHANGE DRIVE,Columbus,OH,USA,43231
SUAC,100 S Wineville Ave,Ontario,CA,USA,91761
SUAD,100 Syble Jean Dr.,Burleson,TX,USA,76028
SUAG,150 Leo Taylor Ln,Ball Ground,GA,USA,30107
SUAH,2901 Grant Ave,Philadelphia,PA,USA,19114
SUAK,"1170 Centre Drive, SUITE A",Walnut,CA,USA,91789
SUAM,"5400 Ontario Mills Parkway, Unit 400",Ontario,CA,USA,91764
SUAP,23824 W. Andrew Rd.,Plainfield,IL,USA,60585
SUAQ,8870 Boggy Creek Rd,Orlando,FL,USA,32824
SUAR,9207 Eton Avenue Unit B,Chatsworth,CA,USA,91311
SUAS,2800 Corporate Exchange Drive,Columbus,OH,USA,43231
SUAV,8870 Boggy Creek Rd,Orlando,FL,USA,32824
SUAW,8870 Boggy Creek Rd,Orlando,FL,USA,32824
SUAX,394 COMMERCE BLVD,Athens,GA,USA,30606
SUAY,10020 S Gibson Rd,Molalla,OR,USA,97038
SUAZ,1189 McDonald Ave,Brooklyn,NY,USA,11230
SUBA,"2215 Paseo De Las Americas, 30D",San Diego,CA,USA,92154
SUBD,81 Christopher St,Staten Island,NY,USA,10303
SUBE,921 E. Tolna Rd.,New Freedom,PA,USA,17349
SUBG,28651 Cranford Sage Ln,Katy,TX,USA,77494
SUBH,"817 Winchester Rd, Suite 130",Lexington,KY,USA,40505
SUBI,"2213 VISTA PKWY, suite 8",West Palm Beach,FL,USA,33411
SUBJ,1104 W Geneva Dr,Tempe,AZ,USA,85281
SUBL,582 S 1100 W,Woods Cross,UT,USA,84087
SUBT,7070 NW 75th St,Parkland,FL,USA,33067
SUBU,"2213 VISTA PKWY, Suite 8",West Palm Beach,FL,USA,33411
SUBV,810 E 8th St,Oakland,CA,USA,94606
SUBW,1104 W Geneva Dr,Tempe,AZ,USA,85281
SUCD,80 Carter Dr.,Edison,NJ,USA,8817
SUCE,8427 S. Old Bingham Hwy,West Jordan,UT,USA,84088
SUDA,"8179 Dixie Hwy, Suite 200",Florence,KY,USA,41042
SUDB,"8179 Dixie Highway, Suite 200",Florence,KY,USA,41042
SUEA,"1821 Lefthand Circle, Unit D",Longmont,CO,USA,80501
SUEB,135 West 36th Street FL 13,New York,NY,USA,10018
SUED,229 N Ella Rd,Spokane Valley,WA,USA,99212
SUEG,86 Mayfield Ave,Edison,NJ,USA,8837
SUEH,1760 West Terra Lane,OFallon,MT,USA,63366
SUEI,8 GALAXY WAY,Woodstock,IL,USA,60098
SUEJ,9462 Franklin Avenue,Franklin Park,IL,USA,60131
SUFA,8246 W. Mineral King Ave.,Visalia,CA,USA,93291
SUFC,587 Apollo St,Brea,CA,USA,92821
SUFD,587 Apollo St,Brea,CA,USA,92821
UWA3,2121 8th Ave.,Seattle,WA,USA,98121
UWA4,S Lander Street,Seattle,WA,USA,98134
UWA5,"18323 Andover Park W., Bldg. 6",SEATTLE,WA,USA,98188
UWA6,20202 84th AVE S,KENT,WA,USA,98032
UWI1,4111 W Mitchell Street,Milwaukee,WI,USA,53215
UWR1,1517 SW 104th St,SEATTLE,WA,USA,98146
VAEO,20526 59th Place S.,Kent,WA,USA,98032
VAVP,250 Enterprise Way,Pittston,PA,USA,18640-5000
VFSN,7401 F ST,OMAHA,NE,USA,68127
VGT1,5802 E TROPICAL PRKWY,LAS VEGAS,NV,USA,89115
VGT2,6401 HOWDY WELLS AVE,LAS VEGAS,NV,USA,89115
VGT5,6501 E HOWDY WELLS AVE,LAS VEGAS,NV,USA,89115
VHNA,1160 N. Linden Ave,RIALTO,CA,USA,92376
VHNB,21005 64th Avenue South,KENT,WA,USA,98032
VHNC,11999 National Rd SW,Etna,OH,USA,43062
VHND,1700 SPARROWS POINT BLVD,SPARROWS POINT,MD,USA,21219
VHNE,2601 West Bethel Rd,DFW Airport,TX,USA,75019
VHNF,6521 Monee Manhattan Rd,MONEE,IL,USA,60449
VMEX,st,Cuautitlan Izcalli,Estado de Mexico,Mexico,54715
VMX4,Unknown,Monterrey,MX,Mexico,0
VOPA,2 Bramkay St,Brampton,ON,Canada,L6S 6E9
VUAC,1670 Champagne Ave,ONTARIO,CA,USA,91761
VUAD,350 E 64TH ST,HOLLAND,MI,USA,49423
VUAE,3025 COMMERCE CENTER BLVD,BETHLEHEM,PA,USA,18015
VUAF,1005 COMMERCIAL DR,OWENSVILLE,MO,USA,65066
VUAG,4580 LOGISTICS DR,STOCKTON,CA,USA,95215
VUAH,310 HEINZ ST,MECHANICSBURG,PA,USA,17055
VUAI,3700 INDIAN AVE,PERRIS,CA,USA,92571
VUAJ,1716 INNOVATION BLVD,CLAYTON,IN,USA,46118
VUAK,740 VINTAGE AVE,ONTARIO,CA,USA,91764
VUAL,2101 DANIELDALE RD,LANCASTER,TX,USA,75134
VUAM,422 N CHIMNEY ROCK RD,GREENSBORO,NC,USA,27410
VUAN,5550 DONOVAN WAY,NORTH LAS VEGAS,NV,USA,89081
VUAO,10 SIMMONS DR,HAZLE TOWNSHIP,PA,USA,18202
VUAP,1871 WILLOW SPRINGS CHURCH RD,SOCIAL CIRCLE,GA,USA,30025
VUAQ,6201 Seaforth St,BALTIMORE,MD,USA,21224
VUAR,275 BLAIR RD,AVENEL,NJ,USA,7001
VUAT,6855 Shannon Pkwy,Union City,GA,USA,30291
VUAU,6500 W 51ST ST,CHICAGO,IL,USA,60638
VUAV,1 Commerce Road,Pittston,PA,USA,18640
VUAW,4009 Montgomery St,SAVANNAH,GA,USA,31405
VUAX,4000 OSCAR NELSON JR DR,BAYTOWN,TX,USA,77523
VUAY,725 WALTHAM WAY STE 101,SPARKS,NV,USA,89437
VUBA,1000 Keystone Industrial Park,Scranton,PA,USA,18512
VUBD,17182 Nevada Avenue,Victorville,CA,USA,92345
VUBF,575 Old Forge Road,Union Township,PA,USA,17963
VUBG,"8365 Sultana Ave, Unit 2",Fontana,CA,USA,92335
VUBH,9950 Calabash Ave,Fontana,CA,USA,92335-5210
VUBI,501 Meacham Blvd,Fort Worth,TX,USA,76106
VUBJ,1456 Harry Shepard Blvd,San Bernardino,CA,USA,92408
VUBN,4800 E TROPICAL PKWY,LAS VEGAS,NV,USA,89115
KDC1,1350 Connecticut Ave NW,Washington,DC,USA,20036
KGA6,3201 Centre Parkway,ATLANTA,GA,USA,30344
KGA8,3201 Centre Parkway,ATLANTA,GA,USA,30344
KIL1,3900 S Brandon Rd,Elwood,IL,USA,60421
KIL6,3900 S Brandon Rd,ELWOOD,IL,USA,60421
KIL8,3900 S Brandon Rd,ELWOOD,IL,USA,60421
KILN,150 RUANE DR,WILMINGTON,OH,USA,45177-7709
KIX1,"138-7 Chikkoyawata-machi Sakai-Ku, Sakai-shi",Osaka,pr,Japan,590-0901
KIX2,2-1-1 Midorigaoka Daito-shi,Osaka,pr,Japan,574-8531
KLAL,4145 Kidron Rd,Lakeland,FL,USA,33811-1275
KMA6,400 ARLINGTON BLVD,SWEDESBORO,NJ,USA,8085
KMA8,400 ARLINGTON BLVD,SWEDESBORO,NJ,USA,8085
KNJ2,400 ARLINGTON BLVD,SWEDESBORO,NJ,USA,8085
KOH1,1001 Logistics Way,Monroe,OH,USA,45044
KOH2,1001 Logistics Way,MONROE,OH,USA,45044
KOH6,1001 LOGISTICS WAY,MONROE,OH,USA,45044
KOH8,1001 LOGISTICS WAY,MONROE,OH,USA,45044
KPA1,200 W STEWART HUSTON DR,COATESVILLE,PA,USA,19320
KRB1,555 E. ORANGE SHOW RD.,SAN BERNARDINO,CA,USA,92408
KRB2,7000 Hardware Dr,Prince George,VA,USA,23875-3041
KRB3,8181 W ROOSEVELT ST,PHOENIX,AZ,USA,85043
KRB4,4501 PATTERSON AVE,PERRIS,CA,USA,92571
KRB5,600 PRINCIPIO PKWY W,NORTH EAST,MD,USA,21901
KRB6,4200 FERRY RD,Aurora,IL,USA,60563
KRFD,5824 Kishwaukee Rd.,Rockford,IL,USA,61109
KRIV,17101 Heacock St.,Moreno Valley,CA,USA,92551
KSBD,2535 EAST 3RD STREET,SAN BERNARDINO,CA,USA,92408
KTO2,2480 Meadowvale Blvd Unit 3,Mississauga,Ontario,Canada,ON L5N 8M6
KTO7,"2480 Meadowvale Blvd, Unit 3",Mississauga,ON,Canada,L5N 8M6
KTX1,15716 WOLF XING BLDG E,JUSTIN,TX,USA,76247
KTX2,15716 WOLF XING BLDG E,JUSTIN,TX,USA,76247
KTX6,1901 W AIRFIELD DR,DALLAS,TX,USA,75261
KTX8,1901 W AIRFIELD DR,DALLAS,TX,USA,72561
KUS1,"639 Huigang Road, Yangshan Free Trade Port Area, Lingang New City, Pudong New District",Shanghai,Zhejiang,China,201306
KUS2,2nd Floor. A57 Building B. North Modern Logistics Center. Yantian Integrated Bonded Zone. Mingzhu Ave,Shenzhen,Guangdong Province,China,518083
KUS3,"No.1, Gangtong Road, Meishan Free Trade Port Area",Ningbo,US,USA,315832
LAL1,1760 County Line Rd.,Lakeland,FL,USA,33811
LAL4,16581 DOMESTIC AVE,FORT MYERS,FL,USA,33912
LAS1,12300 BERMUDA RD,HENDERSON,NV,USA,89044
LAS2,"3837 BAY LAKE TRAIL, SUITE #111N",NORTH LAS VEGAS,NV,USA,89030-4428
LAS5,4410 NEXUS WAY,LAS VEGAS,NV,USA,89115
LAS6,4550 NEXUS WAY,LAS VEGAS,NV,USA,89115
LAS7,6001 East Tropical Parkway,North Las Vegas,NV,USA,89115
LAS8,5801 N Nicco Way,Las Vegas,NV,USA,89115
LAS9,5801 N Nico Way,Las Vegas,NV,USA,89115
LASX,North Lamb Blvd and Tropical Parkway,North Las Vegas,NV,USA,89081
LAX2,5650 DOLLY AVE.,BUENA PARK,CA,USA,90621
LAX5,6400 VALLEY VIEW ST.,BUENA PARK,CA,USA,90620
LAX6,5119 District Blvd,Los Angeles,CA,USA,90058
MDW6,1125 REMINGTON BLVD,ROMEOVILLE,IL,USA,60446-6529
MDW7,6521 Monee Manhattan Rd,Monee,IL,USA,60449-9668
MDW8,1750 BRIDGE DR,WAUKEGAN,IL,USA,60085
MDW9,2865 DUKE PKWY,AURORA,IL,USA,60502-8200
MDWX,2801 S. Western Ave,Chicago,IL,USA,60608
MDWY,Route 59,Aurora,IL,USA,60563
MDWZ,Route 59,Aurora,IL,USA,60563
MEM1,3292 E Holmes Rd,Memphis,TN,USA,38118-8102
MEM2,191 Norfolk Southern Way,Byhalia,MS,USA,38611-2306
MEM3,"1615 COMMERCE PKWY, BLDG B",HORN LAKE,MS,USA,38637
MEM4,4055 New Allen Rd,Memphis,TN,USA,38128-2718
MEM5,5155 CITATION DR.,MEMPHIS,TN,USA,38118
MEM6,11505 PROGRESS WAY,OLIVE BRANCH,MS,USA,38654
MEM8,850 GATEWAY GLOBAL DRIVE,BYHALIA,MS,USA,38611
MEX,"Autopista Champa-Lecheria KM 2.5, San Martin Obispo",Cuautitlan Izcalli,Estado de Mexico,Mexico,54769
MEX1,"Prologis Park, Tres Rios, Edificio TR8, Av. Jorge Jimenez Cantu, Col. Exhacienda San Miguel",Cuautitlan Izcalli,Estado de Mexico,Mexico,54715
MEX2,"Autopista Chamapa-Lecheria KM 2.5, San Martin Obispo",Cuautitlan Izcalli,Estado de Mexico,Mexico,54769
MEX3,"Prologis Park Grande, Edificio 1, Carretera a Coyotepec Lote 2 S/N Fraccion A Poniente La Teja",ct,Estado de Mexico,Mexico,54607
MEX6,"Camino a Coyotepec, Fraccion B de la Fraccion 1 Ext SN, Exhacienda San Jose la Teja",Tepotzatian,MX,Mexico,54607
MGE1,650 BROADWAY AVE.,BRASELTON,GA,USA,30517-3002
MGE3,808 HOG MOUNTAIN RD.,JEFFERSON,GA,USA,30549-2010
MGE5,235 HOG MOUNTAIN RD,JEFFERSON,GA,USA,30549-2009
MGE7,650 Braselton Avenue,Braselton,GA,USA,30517
MGE8,4905 Derrick Rd,Atlanta,GA,USA,30349-1608
MGE9,6400 BUFFINGTON RD,UNION CITY,GA,USA,30291
MHG1,Frankenthal,Frankenthal,Rhineland-Palatinate,Germany,zip
MIA1,14000 NW 37TH AVE.,OPA-LOCKA,FL,USA,33054
MIA2,14250 AVIATION DR,OPA LOCKA,FL,USA,33054
MIA5,1900 NW 132nd Pl,Miami,FL,USA,33182-1920
MIA6,3200 NW 67th Avenue,Miami,FL,USA,33122
MIA7,1900 NW 132nd Place,Miami,FL,USA,33182
MID1,C. Mariano Galván Rivera,Ttepotzotlan,Estado de Mexico,Mexico,54605
MIN1,311 SE Harvard Street,Minneapolis,MN,USA,55414
MKC4,19645 Waverly Rd,Gardner,KS,USA,66030
MKC6,6925 Riverview Ave,Kansas City,KS,USA,66102-3047
MKE1,3501 120th Ave,Kenosha,WI,USA,53144-7502
MKE2,9700 S 13TH ST,OAK CREEK,WI,USA,53154
MKE5,11121 Burlington Rd,Kenosha,WI,USA,53144-7449
MKE6,3940 S LAKESIDE DR,WAUKEGAN,IL,USA,60085
MKE9,11211 Burlington Road,Kenosha,WI,USA,53144
MLI1,N DIVISION ST,DAVENPORT,IA,USA,52806
MMU9,698 Rte. 46 W.,TETERBORO,NJ,USA,7608
MOB5,6735 TRIPPEL RD.,MOBILE,AL,USA,36619
MOB9,6735 Trippel Rd.,Theodore,AL,USA,36582
MQJ1,4412 W CR 300 N,GREENFIELD,IN,USA,46140
MQJ2,19 Bob Glidden Blvd.,Whiteland,IN,USA,46184
SUGA,4060 Hylan Blvd,Staten Island,NY,USA,10308
SUGB,5283 N State Hwy 6,Woodway,TX,USA,76712
SUGC,175 Van Dyke St.,Brooklyn,NY,USA,11231-1079
SUGD,6033 N Sheridan Rd,Chicago,IL,USA,60660
SUGE,"5975 Shiloh Road, Suite 104",Alpharetta,GA,USA,30005
SUHA,9203 J Street,Omaha,NE,USA,68127
SUHB,4675 Appaloosa Dr,Irondale,AL,USA,35210
SUHC,18 Dixon St,Selbyville,DE,USA,19975
SUHD,4675 Appaloosa Drive,Irondale,AL,USA,35210
SUHE,239 Old New Brunswick Road Dock 7&8,Piscataway,NJ,USA,8854
SUHH,45410 Van Dyke,Utica,MI,USA,48314
SUHI,870 S. 16th St.,Aurora,NE,USA,68818
SUHL,1213 Maple Avenue,Burlington,NC,USA,27215
SUHM,142 Franklin St,Melrose,MA,USA,1276
SUHO,355 Tomahawk Drive Suite3,Maumee,OH,USA,43537
SUHP,45 Leone Lane,CHESTER,NY,USA,10918
SUHQ,"4635 NAUTILUS CT S, STE D",Boulder,CO,USA,80301
SUHS,18 Dixon St,Selbyville,DE,USA,19975
SUHT,"1809 W. Frankford Rd, Suite 160",Carrollton,TX,USA,75007
SUHV,10335 Naples ST NE,Blaine,MN,USA,55449
SUHW,2325 Raymer Ave,Fullerton,CA,USA,92833
SUHX,104A GLENN ST,LAWRENCE,ME,USA,1843
SUJA,325 NW 28TH ST,Miami,FL,USA,33127
SUJB,"706 North Diamond Bar Blvd, Unit A",Diamond Bar,CA,USA,91765
SUJC,325 NW 28TH ST,Miami,FL,USA,33127
SUJD,47 Industrial Park Rd,Centerbrook,CT,USA,6409
SUJE,5124 Cleveland Rd,Wooster,OH,USA,44691
SUJF,100 S Wineville Ave,Ontario,CA,USA,91761
SULA,1380 Stonegate Way,Ferndale,WA,USA,98248
SULC,"1345 Taylor Farms Road, Suite 112",Virginia Beach,VA,USA,23453
SULD,2020 Prairie Ln,Eau Claire,WI,USA,54703
SULE,100 Solutions Parkway,Thomaston,GA,USA,30286
SULF,170 Longs Pond Rd,Lexington,SC,USA,29072
SULU,582 S 1100 W,Woods Cross,UT,USA,84087
SULX,1728 Smallman St.,Pittsburgh,PA,USA,15222
SUMA,1201 Jersey Avenue,North Brunswick,NJ,USA,8902
SUNA,"4179 70th Ave East, Suite A",Fife,WA,USA,98424
SUNB,320 Telfair Rd,Savannah,GA,USA,31415
SUNC,1113 E 230th Street,Carson,CA,USA,90745
SUOC,8750 Larkin Rd,Savage,MD,USA,20763-3200
SUOD,121 Kelsey Ln,Tampa,FL,USA,33619-4348
SUOE,74 Kenny Pl,Saddle Brook,NJ,USA,07663-5916
SUOF,6605 Roxburgh Dr. Suite 400,Houston,TX,USA,77041
SUOG,"19 Robert Pitt Drive, Ste 103",Monsey,NY,USA,10952
SUOI,870 North 100 East,Lehi,UT,USA,84043
SUOJ,1615 Fletcher Ave,FORT WAYNE,IN,USA,46803
SUOK,437 Baldwin Park Blvd,City of Industry,CA,USA,91746
SUOL,305 Bucknell Court,Atlanta,GA,USA,30336
SUOM,1230 Highway 34,Aberdeen,NJ,USA,7747
SUON,1703 S Veterans Pkwy,Bloomington,IL,USA,61701
SUOO,16792 Burke Lane,Huntington Beach,CA,USA,92647
SUOP,1673 NY-17M,Chester,NY,USA,10918
TOR1,2104 NW York Street,Portland,OR,USA,97210
TPA1,3350 Laurel Ridge Ave,Ruskin,FL,USA,33570-5526
TPA2,1760 County Line Rd,Lakeland,FL,USA,33811-1808
TPA3,576 C Fred Jones Blvd,Auburndale,FL,USA,33823
TPA4,8706 HARNEY RD,TEMPLE TERRACE,FL,USA,33637
TPA6,3400 NW 35TH AVE RD,OCALA,FL,USA,33475
TPAA,4101 Sansom St,Philadelphia,PA,USA,19104
TSN2,17646 Wuqing. Tianjin,Wuqing,Tianjin,China,zip
TTN1,410 Harding Industrial Dr.,Nashville,TN,USA,37211
TTN2,343 Half Acre Rd,Cranbury,NJ,USA,08512-3253
TTN6,942 MEMORIAL PKWY,PHILLIPSBURG,NJ,USA,8865
TTNA,410 Harding Industrial Dr.,Nashville,TN,USA,37211
TTX2,"2209 Rutland Dr, Suite B110",Austin,TX,USA,78758
TTX3,4221 Way Out West Drive,Houston,TX,USA,77092
TTX4,6627 Maple Avenue,Dallas,TX,USA,75235
TTX5,4848 Perrin Creek 680,San Antonio,TX,USA,78217
TUL1,2674 N HIGHWAY 169,COFFEYVILLE,KS,USA,67337-9254
TUL2,11700 E 43rd St N,Tusla,OK,USA,74106
TUL5,3400 N MINGO RD,TULSA,OK,USA,74116
TUS1,5333 W. LOWER BUCKEYE RD.,PHOENIX,AZ,USA,85043
TUS2,6701 S. KOLB RD.,TUCSON,AZ,USA,85756
TUS5,3590 E CORONA RD,TUCSON,AZ,USA,85756
TWA0,13537 Aurora Ave N,Seattle,WA,USA,98133
TYS1,4101 S SINGLETON STATION RD,ROCKFORD,TN,USA,37853
UAZ1,500 S 48th St,Phoenix,AZ,USA,85034-3101
UBC1,8155 N Fraser Way,Burnaby,BC,Canada,BC V5J 5M8
UCA1,888 Tennessee St,San Francisco,CA,USA,94107
UCA2,Redondo Beach,CA,USA,90277,zip
UCA3,11800 W Olympic Blvd.,Los Angeles,CA,USA,90064
UCA4,2006 McGaw Avenue,Irvine,CA,USA,92614
UCA5,3334 N. San Fernando Road,Los Angeles,CA,USA,90065
UCA6,2727 Kurtz St,San Diego,CA,USA,92110-3109
UCA7,222 Commercial Street,Sunnyvale,CA,USA,94085
UCA8,3100 San Pablo Ave. Ste 120,West Berkley,CA,USA,94702
UCA9,2934 Ramona Avenue,Sacramento,CA,USA,95826
UCO1,"480 E. 55th Avenue, Suite 100",Denver,CO,USA,80216
UCO2,"3434 47th Street, Suite 220",Boulder,CO,USA,80301
UDA1,4150 Kellway Circle,ADDISON,TX,USA,75001
UFL1,15600 NW 15th Ave,Miami Gardens,FL,USA,33169
UFL2,101 NE 23rd Street,Miami,FL,USA,33137
UFL3,"4430 East Adamo, Suite 305",Tampa,FL,USA,33605
UFL4,7469 Kingspointe Parkway,Orlando,FL,USA,32819
UFL5,4769 Oak Fair Blvd,TAMPA,FL,USA,33610
UFL6,3200 NW 67th Avenue,MIAMI,FL,USA,33122
UFL7,6843 S Conway Rd,ORLANDO,FL,USA,32812
UGA1,Atlanta,GA,USA,30318,zip
UGA2,2302 MARIETTA BLVD NW,ATLANTA,GA,USA,30318-1327
UGA3,"2160 Breckinridge Blvd Bldg 100, Suite 100",Lawrenceville,GA,USA,30043
UGA4,2232 Northmont Parkway,DULUTH,GA,USA,30096
UIL1,1111 N CHERRY AVE,CHICAGO,IL,USA,60642
UIL2,1250 N Mittel Blvd,Wood Dale,IL,USA,60191
UIN1,710 S. Girls School Road,Indianapolis,IN,USA,46231-1132
LAX8,30142 Avenida De Las Banderas,Rancho Santa Margarita,CA,USA,92688-2116
LAX9,11263 Oleander Ave,Fontana,CA,USA,92337
LB A,Rossington,Doncaster,South Yorkshire,United Kingdom,zip
LBA1,"Firstpoint Business Park, Unit 1, Balby Carr Bank",Doncaster,South Yorkshire,United Kingdom,DN4 5JS
LBA2,"Water Vole Way, Firstpoint Logistic Park",Doncaster,South Yorkshire,United Kingdom,DN48DP
LBB1,"2407 9th Street, Suite 400",Lubbock,TX,USA,79401
LBB5,1110 E. HUNTER ST,Lubbock,TX,USA,79403
LCK1,3880 Groveport Road,Obetz,OH,USA,43207
LCY1,Dock Road & Gaylor Road,Tilbury,Essex,United Kingdom,RM17 6HH
LDJ5,526 GULF AVE,STATEN ISLAND,NY,USA,10314
LEJ1,Amazonstrasse 1,Leipzig,Saxony,Germany,4347
LEX,3070 LAKECREST CIR STE 400 PMB 280,LEXINGTON,KY,USA,40513
LEX1,"1850 Mercer Drive, Attn: Receiving",Lexington,KY,USA,40511-1013
LEX2,172 Trade St.,Lexington,KY,USA,40511-2607
LEX3,1850 Mercer Rd,Lexington,KY,USA,40511
LEX5,4600 Olympic Blvd,Erlanger,KY,USA,41018
LFT1,3620 NE Evangeline Throughway,Carencro,LA,USA,70520-5948
LGA5,2205 Route 27,Edison,NJ,USA,08817-3313
LGA6,8003 Industrial Avenue,Cartaret,NJ,USA,07008-3529
LGA7,380 Middlesex Ave,Carteret,NJ,USA,07008-3446
LGA8,380 Middlesex Avenue,Carteret,NJ,USA,7008
LGA9,2170 State Route 27,Edison,NJ,USA,08817-3332
LGB1,"2417 E. Carson, St., Long Beach",Long Beach,CA,USA,90810
LGB2,6049 E 7th St,Long Beach,CA,USA,90840
LGB3,4950 Goodman Way Bldg 1,Eastvale,CA,USA,91752-5087
LGB4,27517 PIONEER AVE,REDLANDS,CA,USA,92374-1501
LGB5,555 E Orange Show Rd,San Bernardino,CA,USA,92408-2453
LGB6,20901 Krameria Ave,Riverside,CA,USA,92508
LGB7,1660 N. LOCUST AVE.,RIALTO,CA,USA,92376
LGB8,1568 N LINDEN AVE,RIALTO,CA,USA,92376
LGB9,4375 N Perris Blvd,Perris,CA,USA,92571
LIL1,Rue de la Plaine,Nord-Pas-de-Calais,Nord-Pas-de-Calais,France,59553
LIT1,7001 Zeuber Rd,Little Rock,AR,USA,72206-5039
LIT2,13001 Highway 70 N,Little Rock,AR,USA,72117-5026
LTN1,"Ridgmont, Marston Gate","Ridgmont, Marston Gate",Bedfordshire,United Kingdom,MK43 0ZA
LTN2,Boundary Way,Hemel Hempsted,Hertfordshire,United Kingdom,HP2 7LF
LTN3,"Boscombe Road, DC1, Prologis Park Dunstable",Dunstable,Bedfordshire,United Kingdom,LU5 4RW
LUH1,Doraha. Ludhiana,Doraha. Ludhiana,Punjab,India,zip
LUK2,10791 DOG LEG RD,VANDALIA,OH,USA,45377
LUK5,560 Erlanger Rd,Erlanger,KY,USA,41018-1242
LUK7,649 Omega Prkwy,Shepherdsville,KY,USA,40165-8501
LYS1,"Distripole Chalon, ZAC du Parc d'Activite du Val de Bourgogne, 1 Rue Ama","Sevrey, Saone-et-Loire",Burgundy,France,71100
MAB1,6245 Topanga Canyon Blvd,Woodland Hills,CA,USA,91367
MAB2,3903 Factoria Blvd,Bellevue,WA,USA,98006
MAB3,10354 Fairfax Blvd,Fairfax,VA,USA,22030
MAB4,5101 Lankershim Blvd.,Los Angeles,CA,USA,91601
MAB5,19340 Rinaldi St.,Northridge,CA,USA,91326
MAB6,2309 S. Jackson St,Seattle,WA,USA,98144
MAB7,13201 Aurora Ave. N.,SEATTLE,WA,USA,98133
XFR,2021 7th Avenue,Seattle,WA,USA,98121
0RY1,"Pole 45 , 1401 Rue Champ Rouge",Saran,Loiret,France,45770
ABE1,705 Boulder Dr,Breinigsville,PA,USA,18105
ABE2,705 Boulder Dr,Breinigsville,PA,USA,18031-1533
ABE3,650 BOULDER DRIVE,BREINIGSVILLE,PA,USA,18031-1536
ABE4,1610 VAN BUREN RD.,EASTON,PA,USA,18045-7807
ABE5,"100 Quality Circle, Suite 107",Harrisburg,PA,USA,17112
ABE7,12510 Micro Dr,Mira Loma,CA,USA,91752
ABE8,309 CEDAR LANE,FLORENCE,NJ,USA,08518-2802
ABE9,"100 Quality Circle, Suite 106",Harrisburg,PA,USA,17112
ABEX,698 Route 46 West,Teterboro,NJ,USA,7608
ABQ1,701 ATRISCO VISTA BLVD,ALBUQUERQUE,NM,USA,87120
ABQ5,15480 RESERVOIR RD NW,ALBUQUERQUE,NM,USA,87121
ACY1,240 Mantua Grove Rd,West Deptford,NJ,USA,08066-1731
ACY2,1101 E Pearl St,Burlington,NJ,USA,08016-1934
ACY5,2277 Center Square Rd,Logan Township,NJ,USA,8085
ACY8,8 CAMPUS DR,BURLINGTON,NJ,USA,8016
ACY9,1150 COMMERCE BLVD,LOGAN TOWNSHIP,NJ,USA,8085
ADS1,4121 INTERNATIONAL PARKWAY,CARROLLTON,TX,USA,75007
AFW1,1511 NE Loop 820,Ft Worth,TX,USA,76106-9755
AFW2,12728 LAKE JUNERD,DALLAS,TX,USA,75180
AGS1,2150 DISCOVERY DRIVE,APPLING,GA,USA,30802
AGS2,429 Toy Wright Rd,Pendergrass,GA,USA,30567
AGS5,785 INNOVATION PKWY,APPLING,GA,USA,30802
AKC1,2400 ROMING RD,AKRON,OH,USA,44320
ALB1,1835 US 9,CASTLETON,NY,USA,12033
ALT9,(920 Highway 124),Braselton,GA,USA,30517
AMA1,2395 N. LAKESIDE DR,AMARILLO,TX,USA,79118
ARR1,4200 FERRY RD,AURORA,IL,USA,60502
ASE3,20526 59th Place South,Kent,WA,USA,98032
ASH1,267 LOWELL RD,HUDSON,NH,USA,3051
ASH2,15 STEELE RD,HUDSON,NH,USA,3051
ATL2,2255 W Park Blvd,Stone Mountain,GA,USA,30087
ATL6,4200 N Commerce Dr,Atlanta,GA,USA,30344-5707
ATL7,6855 Shannon Pkwy,Union City,GA,USA,30291-2091
ATL8,2201 THORNTON ROAD,LITHIA SPRINGS,GA,USA,30122-3895
ATL9,2232 Northmont Parkway,Duluth,GA,USA,30096
ATS3,"8601 W JEFFERSON ST., SUITE 300",TOLLESON,AZ,USA,85353
AUN2,7449 45TH STREET CTE,FIFE,WA,USA,98424
AUS2,00 E Pecan St,Pflugerville,TX,USA,78660
AUS3,2000 EXCHANGE PARKWAY,WACO,TX,USA,76712
AUS5,2575 Kyle Crossing,Kyle,TX,USA,78640-5345
AVP1,550 OAK RIDGE RD,Hazleton,PA,USA,18202-9361
AVP2,298 1st Ave,Gouldsboro,PA,USA,18424
AVP3,298 1ST AVE.,GOULDSBORO,PA,USA,18424-9492
AVP6,1 COMMERCE ROAD,PITTSTON,PA,USA,18640
AVP8,250 ENTERPRISE WAY,PITTSTON,PA,USA,18640-5000
AVP9,45 VALLEY VIEW DR,JESSUP,PA,USA,18434
AWA1,20529 24TH AVE S,SEATAC,WA,USA,98198
AWA2,20530 24TH AVE S,SEATAC,WA,USA,98198
AZA4,3333 S 59th Ave,Phoenix,AZ,USA,85043
AZA5,6000 W Van Buren St.,Phoenix,AZ,USA,85043
ORD2,23714 W. AMOCO RD,CHANNAHON,IL,USA,60410
ORD3,24101 S Frontage Rd W,CHANNAHON,IL,USA,60410
ORD4,25810 S. Ridgeland Ave.,Monee,IL,USA,60449
ORD5,7001 VOLLMER RD,MATTESON,IL,USA,60443
ORD6,1250 N. MITTEL BLVD,WOOD DALE,IL,USA,60191
ORF1,3516 South Military Hwy.,Chesapeake,VA,USA,23323
ORF2,5045 PORTSMOUTH BLVD,CHESAPEAKE,VA,USA,23321
ORF3,2020 NORTHGATE COMMERCE PKWY,SUFFOLK,VA,USA,23435
ORY1,1401 Rue Champ Rouge,Saran,Loiret,France,45770
OSU1,2114 N. High Street,Columbus,OH,USA,43201
OWD5,330 BARTLETT ST,NORTHBOROUGH,MA,USA,1532
OWD9,350 BARTLETT ST,NORTHBOROUGH,MA,USA,1532
OXR1,3100 Sakioka Dr,Oxnard,CA,USA,93030
P0Z1,ul. Jezynowa.,Sady,Poznan,Poland,62-080
PAE2,4620 172ND ST NE,ARLINGTON,WA,USA,98223
PAE3,6611 ASSOCIATED BLVD,EVERETT,WA,USA,98203
PBI2,14490 CORPORATE ROAD NORTH,JUPITER,FL,USA,33478
PCA1,1565 N MacArthur Drive,Tracy,CA,USA,95376-2846
PCA2,4502 Patterson Ave,Perris,CA,USA,92571-9722
PCA3,10681 PRODUCTION AVE,FONTANA,CA,USA,92337
PCW1,27400 CROSSROADS PKWY,ROSSFORD,OH,USA,43460
PDK2,4905 Derrick Rd,ATLANTA,GA,USA,30349
PDX5,5647 NW HUFFMAN ST.,HILLSBORO,OR,USA,97124-5848
PDX6,15000 N Lombard St,Portland,OR,USA,97203-6814
PDX7,4775 Depot Ct SE,Salem,OR,USA,97317-8983
PDX9,1250 NW SWIGERT WAY,TROUTDALE,OR,USA,97060-9614
PEK3,Yizhuang. Daxing.,Beijing,Yizhuang. Daxing,China,zip
PEK5,Tongzhou.,Beijing,Tongzhou,China,zip
PEN1,"3800 Locust Walk, Class of 1920 Commons",Philadelphia,PA,USA,19104
PFL1,1001 13th Avenue East,Bradenton,FL,USA,34208-2656
PFL2,8060 State Rd 33 North,Lakeland,FL,USA,33809-1704
PFL3,8054 STATE ROAD 33 N,LAKELAND,FL,USA,33809
PGA1,429 Toy Wright Rd,Pendergrass,GA,USA,30567
PHL1,1 Centerpoint Blvd,New Castle,DE,USA,19720-4172
PHL3,"1600 Johnson W ay, Attn: Receiving",New Castle,DE,USA,19720-8111
PHL4,21 ROADWAY DR.,CARLISLE,PA,USA,17015-8806
PHL5,500 MCCARTHY DR,LEWISBERRY,PA,USA,17339-8725
PHL6,675 Allen Rd,Carlisle,PA,USA,17015-7788
PHL7,560 MERRIMAC AVE,MIDDLETOWN,DE,USA,19709-4652
PHL8,727 N. Broad Street,Middletown,DE,USA,19709
PHL9,2 Ames Drive,Carlisle,PA,USA,17015
PHX3,6835 W BUCKEYE RD,PHOENIX,AZ,USA,85043-4428
PHX5,16920 W. COMMERCE DR.,GOODYEAR,AZ,USA,85338-3620
PHX6,4750 W MOHAVE ST,PHOENIX,AZ,USA,85043-8305
PHX7,800 NORTH 75TH AVE.,PHOENIX,AZ,USA,85043
PHX8,800 N 75th Ave,Phoenix,AZ,USA,85043
PHX9,777 S 79th Ave,Tolleson,AZ,USA,85353-3140
PICV,1155 Worldwide Blvd,Hebron,KY,USA,41048
PIL1,1615 Commerce Pkwy N Building B,Horn Lake,MS,USA,38637-2313
PIN1,10 Patton Dr 5510 Exploration Dr,IN,pr,USA,46241-9007
PIN2,3620 PLAINSFIELD RD,INDIANAPOLIS,IN,USA,46231
PISA,900 Patrol Rd,Jeffersonville,IN,USA,47130-7716
AZA6,2150 East Riverview Drive,Phoenix,AZ,USA,85034
AZA9,6395 N. SARIVAL AVE,LITCHFIELD PARK,AZ,USA,85340
B0M1,"Bhiwandi, Mumbai, Maharashtra","Bhiwandi, Mumbai",Maharashtra,India,250000
BAY1,"555 Maritime Street, Bldg. D512",OAKLAND,CA,USA,94607
BCN1,Mas Blau II industrial estate,El Prat de Llobregat,Barcelona,Spain,zip
BDL1,200 Old Iron Ore Rd,Windsor,CT,USA,06095-2144
BDL2,200 Old Iron Ore Rd,Windsor,CT,USA,06095-2144
BDL3,409 Washington Ave.,North Haven,CT,USA,6473
BDL4,1215 KENNEDY RD,WINDSOR,CT,USA,6095
BDL5,29 RESEARCH PARKWAY,WALLINGFORD,CT,USA,06492-1927
BDL6,120 County Line Dr,Cromwell,CT,USA,06416-1186
BDU2,8350 Quintero St,COMMERCE CITY,CO,USA,80022
BDU5,8350 Quintero St,Commerce City,CO,USA,80022-8453
BEK1,"2495 Bancroft Way Room 235, MLK Student Union Building",Berkeley,CA,USA,94720
BER3,Amazon Logistik Potsdam GmbH Havellandsrasse 5,Brieselang,Brandenburg,Germany,14656
BFC1,380 Middlesex Ave,CARTERET,NJ,USA,07008-3445
BFI1,1800 140TH AVE. EAST,SUMNER,WA,USA,98390-9624
BFI2,1800 140th Avenue E,SUMNER,WA,USA,98390
BFI3,2700 Center Dr,Dupont,WA,USA,98327-9607
BFI4,21005 64TH AVENUE S,KENT,WA,USA,98032-2423
BFI5,20526 59th Plc S,Kent,WA,USA,98032
BFI6,20280 84TH AVE. SOUTH,KENT,WA,USA,98032
BFI7,1901 140TH AVE. E,SUMNER,WA,USA,98390
BFI8,20529 24th Ave S,SEATAC,WA,USA,98198
BFI9,3230 INTERNATIONAL PLACE,DUPONT,WA,USA,98327
BFIX,"1800 140th Ave E, Suite XB",Sumner,WA,USA,98390-9624
BFL1,1601 PETROL RD,BAKERSFIELD,CA,USA,93308
BFL2,4500 EXPRESS AVE,SHAFTER,CA,USA,93263
BFN1,6001 BETHLEHEM BLVD,SPARROWS POINT,MD,USA,21219
BHM1,975 POWDER PLANT RD.,BESSEMER,AL,USA,35022
BHX1,"Towers Business Park, Power Station Road",Rugeley,Staffordshire,United Kingdom,WS15 1LX
BLF1,1601 PETROL RD,BAKERSFIELD,CA,USA,93308
BLR5,"Bengaluru, Bangalore, Karnataka","Bengaluru, Bangalore",Karnataka,India,zip
BLR6,"Bengaluru, Bangalore. Karnataka","Bengaluru, Bangalore",Karnataka,India,zip
BLV2,8850 SpringdaleAve,BERKLEY,MO,USA,63134
BNA1,14840 CENTRAL PIKE STE 190,LEBANON,TN,USA,37090-8119
BNA2,500 DUKE DR,LEBANON,TN,USA,37087-8123
BNA3,2020 JOE B JACKSON PKWY,MURFREESBORO,TN,USA,37127-7792
BNA4,50 Airways Blvd.,Nashville,TN,USA,37217
BNA5,50 Airways Blvd,Nashville,TN,USA,37217-2516
BNA8,1000 DARRELL WALTRIP DR,LEBANON,TN,USA,37090
BNA9,"700 MASON RD, PARK 24/BLDG 7",LA VERGNE,TN,USA,37086
BOI2,5295 E Franklin Rd,Nampa,ID,USA,83687-5548
BOI5,2155 E. FREIGHT ST,BOISE,ID,USA,83716
BOM1,Bhiwandi,Bhiwandi,pr,India,zip
BOS1,10 State St,Nashua,NH,USA,3063
BOS3,st,Fall River,MA,USA,2720
BOS4,1 NATIONAL ST,MILFORD,MA,USA,1757
BOS5,1000 Technology Center Dr,Stoughton,MA,USA,02072-4744
BOS6,201 BEACHAM ST.,EVERETT,MA,USA,02149-5518
BOS7,1180 Innovation Way,Fall River,MA,USA,02720-4766
DOK3,6101 SW 44TH ST,OKLAHOMA CITY,OK,USA,73179
DOK4,6801 S AIR DEPOT BLVD,OKLAHOMA CITY,OK,USA,73135
DOR2,1400 SEWELLS POINT RD,NORFOLK,VA,USA,23502
DP01,st,Portland,OR,USA,75234
DPA7,9851 FALLBROOK PINES DR # 150,HOUSTON,TX,USA,77064
DPD2,9475 N Horseshoe Ave,Portland,OR,USA,97217-7505
DPD4,21504 SW 115th Ave.,Tualatin,OR,USA,97062
DPD6,5475 GAFFIN RD SE,SALEM,OR,USA,97317
DPH1,4219 Richmond Street,Philadelphia,PA,USA,19137
DPH8,7575 BREWSTER AVE,PHILADELPHIA,PA,USA,19153-3206
DPP7,177 MCCLAREN RD,CORAOPOLIS,PA,USA,15108
DPS5,28820 Chase Pl,Valencia,CA,USA,91355-5422
DPS6,1757 Tapo Canyon Rd,Simi Valley,CA,USA,93063-3390
DPX1,500 S. 48th Street,Phoenix,AZ,USA,85034
DPX4,1516 W 17TH ST,TEMPE,AZ,USA,85281
DPX7,3405 S. McQueen Rd,Chandler,AZ,USA,85286
DPX8,7875 W Buckeye Rd,Phoenix,AZ,USA,85043-4213
DRT4,394 Fanning Fields Rd,Mills River,NC,USA,28759-4610
DRT8,1275 Person St,Durham,NC,USA,27703
DRT9,"1200 INNOVATION AVE., #1000",MORRISVILLE,NC,USA,27560
DSD1,7130 Miramar Rd. 300A,San Diego,CA,USA,92121
DSD2,2777 Loker Ave W.,Carlsbad,CA,USA,92010
DSD5,3250 Business Park Dr,Vista,CA,USA,92081
DSD8,"14400 KIRKHAM WAY, #1450",POWAY,CA,USA,92064
DSE2,6705 E Marginal Way,Seattle,WA,USA,98108
DSE8,7555 AIRPORT WAY SW,BREMERTON,WA,USA,98312
DSF1,990 Beecher St.,San Leandro,CA,USA,94577
DSF3,1700 Montague Expy.,San Jose,CA,USA,95131
DSF5,250 Utah Avenue,South San Francisco,CA,USA,94080
DSF6,6015 Giant Road,Richmond,CA,USA,94080
DSF7,807 N MCCARTHY BLVD.,MILPITAS,CA,USA,95035
DSF8,2995 Atlas Rd,Richmond,CA,USA,94806-1167
DSJ7,615 NORTH KING RD,SAN JOSE,CA,USA,95133
DSM5,500 SW 32ND ST,BONDURANT,IA,USA,50035
DSM9,2300 SHILOH ROSE PKWY SW,BONDURANT,IA,USA,50035
DSR1,2906 CORPORATE WAY,PALMETTO,FL,USA,34221
DSR2,7601 FOOTHILLS BLVD,ROSEVILLE,CA,USA,95747
DSR4,9051 Union Park Way,Elk Grove,CA,USA,95624
DSR6,2400 MCCLELLAN PARK DR,SACRAMENTO,CA,USA,95838
DTL6,1610 OLD GREENSBORO RD,KERNERSVILLE,NC,USA,27284
DTM1,Westfalenhutte,Dortmund,North Rhine-Westphalia,Germany,zip
DTN7,242 MASON RD,LA VERGNE,TN,USA,37086
DTP7,1003 N TAYLOR RD,SEFFNER,FL,USA,33584
DTU3,2550 N Nevada St,Chandler,AZ,USA,85225-1015
DTU8,3003 S 38TH ST,PHOENIX,AZ,USA,85040
DTW1,32801 ECORSE ROAD,ROMULUS,MI,USA,48174
DTW3,23 mile and mound roads,Shelby,MI,USA,48316
DTW5,19991 BROWNSTONE CENTER DRIVE,TRENTON,MI,USA,48183
DTW8,9075 N Haggerty Rd,Plymouth,MI,USA,48170-4630
DTW9,18000 VINING RD,NEW BOSTON,MI,USA,48164
DUR1,2995 N HOLLYWOOD WAY,BURBANK,CA,USA,91505
BOS8,870 Commonwealth Ave,Brookline,MA,USA,2215
BOS9,750 Everett St,Norwood,MA,USA,02062-2618
BTR9,3191 Webster Lane,Port Allen,LA,USA,70767-4100
BUF5,4201 WALDEN AVE.,LANCASTER,NY,USA,14086
BUF9,4201 Walden Ave,Lancaster,NY,USA,14086
BUR2,925 Westwood Boulevard,Los Angeles,CA,USA,90024
BUR7,11200 Iberia St.,MIRA LOMA,CA,USA,91752
BWI0,2010 Broening Highway,Baltimore,MD,USA,21224
BWI1,45121 GLOBAL PLAZA,STERLING,VA,USA,20166
BWI2,2010 Broening Hwy,Baltimore,MD,USA,21224-6027
BWI4,165 BUSINESS BLVD,CLEAR BROOK,VA,USA,22624
BWI5,5501 Holabird Ave,Baltimore,MD,USA,21224-6026
BWI6,"5617 INDUSTRIAL DRIVE, SUITE A",SPRINGFIELD,VA,USA,22151-4410
CAE1,4400 12TH ST EXTENSION,WEST COLUMBIA,SC,USA,29172-3300
CAE3,222 OLD WIRE ROAD,WEST COLUMBIA,SC,USA,29172-2862
CAK1,290 E Exchange Street,Akron,OH,USA,44304
CAN1,"118400 Huangpu District, Guangzhou, Guangdong",Guangzhou,Guangdong,China,zip
CAN2,1829200 Guangdong Champion Valley Park,Guangzhou,Guangdong,China,zip
CAN4,86000 Huangpu Development Zone,Guangzhou,Guangdong,China,zip
CFL1,4225 East Plaza Drive,Orlando,FL,USA,32816
CGN1,11836 Amazonstrasse 1 / Am Autobahnkreuz,Koblenz,North Rhineland,Germany,56068
CHA1,7200 DISCOVERY DRIVE,CHATTANOOGA,TN,USA,37421
CHA2,225 INFINITY DR NW,CHARESTON,TN,USA,37310-1400
CHI1,"750 S Halsted St, Student Center East, #214",Chicago,IL,USA,60607
CHI3,2720 N Clark St,Chicago,IL,USA,60614
CHS1,7290 Investment Drive,N Charleston,SC,USA,29418
CHS4,400 Long Point Rd,MOUNT PLEASANT,SC,USA,29464
CIN1,241 Calhoun St,Cincinnati,OH,USA,45219
CLE1,2020 Euclid Ave,Cleveland,OH,USA,44115
CLE2,21500 Emery Rd,North Randall,OH,USA,44128-4546
CLE3,1155 BABBITT ROAD,EUCLID,OH,USA,44132
CLE5,8685 INDEPENDENCE PARKWAY,TWINSBURG,OH,USA,44087-1971
CLE6,23371 Aurora Road,Bedford Heights,OH,USA,44146
CLT1,7035 Northwinds Drive,Concord,NC,USA,28027
CLT2,10240 OLD DOWD ROAD,CHARLOTTE,NC,USA,28214-8082
CLT3,6500 Davidson Hwy,Concord,NC,USA,28027-7995
CLT4,8000 TUCKASEEGEE RD,CHARLOTTE,NC,USA,28214
CLT5,1745 Derita Rd,Concord,NC,USA,28027-3353
CLT6,12220 CAROLINA LOGISTICS DR,PINEVILLE,NC,USA,28134
CLT9,3620 REEVES RIDGE RD,CHARLOTTE,NC,USA,28214
CMH0,11903 National RD SW Etna Township Park,Etna,OH,USA,43062
CMH1,11903 National Rd SW,Etna,OH,USA,43062-7793
CMH2,6050 Gateway Court,Obetz,OH,USA,43125
CMH3,700 GATEWAY BLVD,MONROE,OH,USA,45050
CMH4,1550 W Main St.,West Jefferson,OH,USA,43162
CMH5,6400 State Route 29,West Jefferson,OH,USA,43162-9746
CMH6,3538 Tradeport Ct.,LOCKBOURNE,OH,USA,43137
CMI1,809S Wright Street,Champaign,IL,USA,61820
CNO5,8601 MERRILL AVE,CHINO,CA,USA,91710
CON1,"40 Wilbur Cross Way, Suite 104",Mansfield,CT,USA,6268
COS5,4333 Integration Loop,Colorado Springs,CO,USA,80916-5770
DLA2,5650 Dolly Ave.,Buena Park,CA,USA,90621
DLA3,5829 Smithway St.,Commerce,CA,USA,90040
DLA4,9031 Lurline Ave.,Chatsworth,CA,USA,91311
DLA5,6250 SYCAMORE CANYON BLVD.,RIVERSIDE,CA,USA,92507-0771
DLA8,2815 W. El Segundo Blvd.,Hawthorne,CA,USA,90250
DLB2,11100 Honore Lane,Baton Rouge,LA,USA,70809-3918
DLD1,7659 SOLLEY RD,GLEN BURNIE,MD,USA,21060
DLD7,10100 WILLOWDALE RD,LANHAM,MD,USA,20706
DLI4,3077 Gateway Commerce Center Dr S,Edwardsville,IL,USA,62025
DLI5,5106 STATE ROUTE 111,PANTOON BEACH,IL,USA,62040
DLI6,6201 AVIATOR DR,HAZELWOOD,MO,USA,63042
DLN2,1500 S LARAME AVE,CICERO,IL,USA,60804
DLN3,1455 W SHURE DR,ARLINGTON HEIGHTS,IL,USA,60004
DLN4,10500 S. WOODLAWN AVE,CHICAGO,IL,USA,60628
DLN8,315 S HICKS RD,PALATINE,IL,USA,60067
DLR2,12401 I-30,LITTLE ROCK,AR,USA,72209
DLT2,7929 NATIONAL SERVICE RD,COLFAX,NC,USA,27235
DLT3,413 GOODMAN RD,CONCORD,NC,USA,28027
DLT6,1610 Old Greensboro Rd.,KERNERSVILLE,NC,USA,27284
DLV3,9740 N VIRGINIA ST,RENO,NV,USA,89506
DLX8,515 E DYER RD,SANTA ANA,CA,USA,92707
DLX9,5750 MESMER AVE,CULVER CITY,CA,USA,90230
DM01,Tangelo Park,Orlando,FL,USA,32189
DM11,15600 NW 15th Ave.,Miami Gardens,FL,USA,33169
DMC3,4054 Powell Dr,Shawnee,KS,USA,66226
DMD2,2203 Lakeside Blvd,Edgewood,MD,USA,21040
DMD4,102 Fulfillment Dr,Edgewood,MD,USA,21040
DMD8,9 JAY GOULD COURT,WALDORF,MD,USA,20602
DMD9,1000 PRINCE GEORGES BLVD,UPPER MARLOBORO,MD,USA,20774
DMF1,5700 NW 37TH AVE,HIALEAH,FL,USA,33142
DMF3,2800 N ANDREWS AVE EXT,POMPANO BEACH,FL,USA,33064
DMF5,13450 NW 14th St,Miami,FL,USA,33182-1418
DMF8,13133 34th St. N,Clearwater,FL,USA,33762
DMH9,135 AMERICAN LEGION HWY,REVERE,MA,USA,2151
DMI2,3200 Northwest 67th Avenue,Miami,FL,USA,33122
DML1,3935 W. Mitchell St.,Milwaukee,WI,USA,53125
DML3,6331 LEVI DR,GREENVILLE,WI,USA,54942
DML4,4250 120th Ave,KENOSHA,WI,USA,53144
DML5,11201 ENTERPRISE WAY,STURTEVANT,WI,USA,53177
DMN1,2811 Beverly Drive,Eagen,MN,USA,55121
DMO6,700 BANYAN TRAIL,BOCA RATON,FL,USA,33431
DMO7,9775 AIR COMMERCE PKWY,ORLANDO,FL,USA,32827
DNG1,"Nottingham, Nottinghamshire",Nottingham,Nottinghamshire,United Kingdom,zip
DNJ1,380 Middlesex Ave,Carteret,NJ,USA,07008-3446
DNJ6,118 MOONACHIE AVE,CARLSTADT,NJ,USA,7072
DNJ7,81 INTERNATIONAL DR S,BUDD LAKE,NJ,USA,7828
DNO2,5733 Citrus Blvd,NEW ORLEANS,LA,USA,70123
DOB2,425 S. CHERRY ST,WALLINGFORD,CT,USA,6492
DOB4,500 LONG BEACH BLVD,STRATFORD,CT,USA,6615
TAM1,"2800 South Texas Avenue, Suite 401",Bryan,TX,USA,77802
TAZ1,500 S 48th St,Phoenix,AZ,USA,85034
TBD,Boscombe Road Prologis Park,Dunstable,pr,United Kingdom,LU5 4SB
TBD2,1111 N Cherry Ave,Goose Island,IL,USA,60642
TBD3,401 E Laraway Road,Joliet,IL,USA,40433
TBD5,"8003 Industrial Ave, Building A",Carteret,NJ,USA,8085
TBD6,4800 LBJ Freeway,Dallas,TX,USA,75241
TBD7,2801 S. Western Ave,Chicago,IL,USA,60608
TBD8,Etna Township Park,Etna,OH,USA,43062
TBD9,Alum Creek Drive,Obetz,OH,USA,43207
TBDA,1300 East McCarty Lane,San Marcos,TX,USA,78666
TBDB,2 Empire Boulevard,Moonachie,NJ,USA,7074
TCA0,455 Valley Drive,Brisbane,CA,USA,94005
TCA1,888 Tennessee St,San Francisco,CA,USA,94107
TCA2,2400 Marine Avenue,Redondo Beach,CA,USA,90278
TCA4,2006 McGaw Avenue,Irvine,CA,USA,92614
TCA5,3334 N San Fernando Rd Bldg E,Los Angeles,CA,USA,90065
TCA6,2727 Kurtz St,San Diego,CA,USA,92110
TCA7,222 Commercial St,Sunnyvale,CA,USA,94085
TCA9,2934 Ramona Ave,Sacramento,CA,USA,95826
TCO1,"480 E 55th Avenue, Suite 100",Denver,CO,USA,80216
TCY5,6250 PROMONTORY PKWY,TRACY,CA,USA,95377-8883
TCY9,4500 WILBUR AVE,OAKLEY,CA,USA,94561
TEB3,2651 OLDMANS CREEK RD.,SWEDESBORO,NJ,USA,8085
TEB4,742 Courses Landing Rd,Penns Grove,NJ,USA,08069-2956
TEB6,22 HIGHTSTOWN CRANBURY STATION RD,CRANBURY,NJ,USA,8512
TEB9,601 RANDOLPH RD,SOMERSET,NJ,USA,8873
TEN1,1002 Patriot Parkway,Reading,PA,USA,19605-2874
TEN2,1590 Tamarind Ave,Rialto,CA,USA,92376-3008
TEN3,800 N 75TH AVE,PHOENIX,AZ,USA,85043
TEX1,"Gregory Gym, 2101 Speedway",Austin,TX,USA,78712
TFC1,"5050 West Mohave St, Attn: Receiving",Phoenix,AZ,USA,85043-8305
TFL2,101 NE 23rd Street,Miami,FL,USA,33137
TFL3,"4430 E ADAMO DR, STE 305",Tampa,FL,USA,33605
TFL4,7469 Kingspointe Parkway,ORLANDO,FL,USA,32819
TFL5,8792 Ely Rd,PENSACOLA,FL,USA,32514
TIJ1,Cañón del Padre,Tijuana,BC,Mexico,22203
TIL1,1111 N Cherry Ave,Chicago,IL,USA,60642
TIN1,710 S. Girls School Road,Indianapolis,IN,USA,46231
TIW1,One Sitcum Plaza,Tacoma,WA,USA,98421
TJA2,2302 MARIETTA BLVD NW,Atlanta,GA,USA,30318
TMA3,30 Northampton Street,Boston,MA,USA,2118
TMB8,13720 SW 272ND ST,HOMESTEAD,FL,USA,33032
TMD1,5501 Holabird Ave,Baltimore,MD,USA,21224
TMI1,900 Oakwood St.,YPSILANTI,MI,USA,48197
TMN1,763 Kasota Ave,Minneapolis,MN,USA,55414
TNC1,300 Dalton Ave.,CHARLOTTE,NC,USA,28206-3118
TNV2,1945 E. Russell Rd,LAS VEGAS,NV,USA,89119-2706
TNY1,850 3rd Ave.,Brooklyn,NY,USA,11232
TNYA,7 W 34th Street,New York,NY,USA,10001
TOH1,5845 Highland Ridge Drive,Cincinnati,OH,USA,45232
TON3,5540 Mino Lane,LOUISVILLE,KY,USA,40219
VUJK,15710 SAN ANTONIO AVE,CHINO,CA,USA,91708
VUJL,6710 OAKLEY INDUSTRIAL BLVD,UNION CITY,GA,USA,30291
VUJU,305 Resource Drive,BLOOMINGTON,CA,USA,92316
VUKF,18120 Bishop Ave,Carson,CA,USA,90746-4032
VUKG,3201 Centre Parkway,East Point,GA,USA,30344
VUKH,1901 W Airfield Dr,DFW Airport,TX,USA,75261
VUKI,400 Arlington Blvd,Swedesboro,NJ,USA,8085
VUKJ,19270 S. Western Avenue,Torrance,CA,USA,90501
VUKZ,400 Arlington Blvd,Logan Township,NJ,USA,8085
VULL,1350 S WATERMAN AVE,SAN BERNARDINO,CA,USA,92408
VUMC,650 Commerce Pkwy W Drive,Greenwood,IN,USA,46143
VUMD,548 W Merrill Ave,Rialto,CA,USA,92376-9101
VUME,"200 Docks Corner Road, Suite 241",South Brunswick,NJ,USA,8810
VUMF,500 PALMETTO LOGISTICS PKWY,PALMETTO,GA,USA,30268
VUMX,241 E Pacific Coast Hwy,Wilmington,CA,USA,90744-2920
VUOJ,"250 Declaration Avenue, Suite 500",McDonough,GA,USA,30253
VUOK,21837 W. Mississippi Ave,Elwood,IL,USA,60421
VUOL,14005 North Lombard,Portland,OR,USA,97203
VUPG,16110 Cosmos Street,Moreno Valley,CA,USA,92551
VUPH,9300 Olde Scotland Road,Shippensburg,PA,USA,17257
VUPJ,101 Mars Road,Wilmer,TX,USA,75172
VUPK,6720 Oakley Industrial Blvd,Union City,GA,USA,30291
VUPM,22001 84th Avenue,Kent,WA,USA,98032
VUPN,340 Westridge Parkway,McDonough,GA,USA,30253
VUPO,4808 Mountain Creek Parkway,Dallas,TX,USA,75236
VUPQ,9211 Kaiser Way,Fontana,CA,USA,92335
VUPS,3049 Westway Drive,Edwardsville,IL,USA,62025
VUPU,"14916 STATE HIGHWAY 177, Building 1",Jackson,MO,USA,63755
VUPV,2001 Premier Pkwy,Saint Peters,MO,USA,63376
VUPW,8778 Le St Dr,West Chester,OH,USA,45014-2260
VUPX,2300 W San Bernardino Ave,Redlands,CA,USA,92374
VUPY,2501 Rockhouse Road,Lithia Springs,GA,USA,30122
VUPZ,4800 Henrietta Creek Rd,Fort Worth,TX,USA,76177
VUQC,2020 Ocean Avenue,Ronkonkoma,NY,USA,11779
VUQD,3101 IN-62,Mt Vernon,IN,USA,47620
VUQE,69 Green Mountain Road,Hazleton,PA,USA,18202
VUQF,2100 Innovation Blvd,Mooresville,IN,USA,46158
VUQH,381 Airtech Pkwy,Plainfeild,IN,USA,46168
VUQI,512 Liberty Expressway,Albany,GA,USA,31705
VUQM,441 Masters Boulevard,Anderson,SC,USA,29626
VUQN,1711 S 4650 W,Salt Lake City,UT,USA,84104
VUQO,2425 E. Perry Rd,PLAINFIELD,IN,USA,46168
VUQP,655 E Park St,LOCK HAVEN,PA,USA,17745
VURY,670 N Perkins St,Appleton,WI,USA,54914
VUTD,8291 Milliken Avenue,Rancho Cucamonga,CA,USA,91730
VUTE,1020 SH Morgan Pkwy,Pooler,GA,USA,31322
VUTF,16047 Mountain Ave,CHINO,CA,USA,91708
VUTG,100 E MILLSDALE RD,Elwood,IL,USA,60421
VUTH,25451 Mountain House Pkwy,TRACY,CA,USA,95377
VUTI,380 DEANS RHODE HALL RD,MONROE TOWNSHIP,NJ,USA,8831
VUVB,2053 East Jay St,Ontario,CA,USA,91764
SLT7,3931 Lakeview Corporate Dr.,Edwarsville,IL,USA,62025
SMA1,5 5TH ST,PEABODY,MA,USA,01960-4915
SMA2,1025 ELM ST,BRIDGEWATER,MA,USA,2324
SMAA,"Chennai, Tamil Nadu",Chennai,Tamil Nadu,India,zip
SMD1,7200 DORSET RUN ROAD,ELKRIDGE,MD,USA,21075
SMF1,4900 W Elkhorn Blvd,Sacramento,CA,USA,95835-9505
SMF2,2935 Ramco St.,West Sacramento,CA,USA,95691
SMF3,1540 Zephyr St,Stockton,CA,USA,95206-8201
SMF5,300 CROCKER DR,VACAVILLE,CA,USA,95688
SMF6,4930 Allbaugh Dr,Sacramento,CA,USA,95837-9109
SMF7,4800 Midway Rd,Vacaville,CA,USA,95688
SMF9,300 Crocker Dr,Vacaville,CA,USA,95688
SMI1,1400 E. TEN MILE RD,HAZEK PARK,MI,USA,48030
SMN1,7500 Setzler Prkwy N,Brooklyn Park,MN,USA,55445-1879
SMO2,1659 SAUGET BUSINESS BLVD,EAST SAINT LOUIS,IL,USA,62206
SMOA,"Av. Jesus Reyes Heroles 69, col. San Juan Ixtacala",Tlalnepantla,Estado de Mexico,Mexico,38108
SMSA,San Andres Atoto 21B col. San Esteban,Naucalpan,Estado de Mexico,Mexico,53550
SNA4,2496 W WALNUT,RIALTO,CA,USA,92376-3009
SNA6,5250 Goodman Way,Eastvale,CA,USA,91752-5088
SNA7,555 E Orange Show Rd,San Bernardino,CA,USA,92408-2453
SNA8,555 East Orange Show Rd,San Bernadino,CA,USA,92408
SNA9,5250 Goodman Road,Eastvale,CA,USA,92880
SNC2,10622 BRYTON CORPORATE CENTER DR,HUNTERSVILLE,NC,USA,28078
SNC3,5 NATIONAL DR,DURHAM,NC,USA,27703
SNCT,st,Paterson,NJ,USA,7503
SNJ1,5 Dedrick Place,West Caldwell,NJ,USA,7006
SNJ2,344 Hurffville Crosskeys rd,SEWELL,NJ,USA,8080
SNJ3,1798 Rte. 130 N,BURLINGTON,NJ,USA,8016
SNV1,7970 S VALLEY VIEW BLVD STE 130,LAS VEGAS,NV,USA,89139
SNY1,2294 ADAM CLAYTON POWELL JR BLVD,NEW YORK,NY,USA,10030
SNY2,9210 ATLANTIC AVE,OZONE PARK,NY,USA,11416
SNY3,153 NOTCH RD,CLIFTON,NJ,USA,7013
SNY4,274 36TH ST,BROOKLYN,NY,USA,11232
SNY5,4-09 47TH RD,LONG ISLAND CITY,NY,USA,10007
SOH1,6895 ENGLE RD,CLEVELAND,OH,USA,44130
SOH2,"1120 STRATEGIC PARKWAY, BLDG 2",SPRINGFIELD,OH,USA,45246
SOH3,6322 COLLINGS DR,LOCKBOURNE,OH,USA,43137
SOR3,701 NE Columbia Blvd,PORTLAND,OR,USA,97211
SPA1,1300 N BROAD ST,PHILADELPHIA,PA,USA,19121
SQGH,st,Carnation,WA,USA,98014
STC2,2811 BEVERLY RD STE 200,EAGAN,MN,USA,55121
STL3,3200 E. SAWYER RD,REPUBLIC,MO,USA,65738
STL4,3050 GATEWAY COMMERCE CENTER DRIVE S,EDWARDSVILLE,IL,USA,62025-2815
STL5,462 HAZELWOOD LOGISTICS CENTER DR.,HAZELWOOD,MO,USA,63042
STL6,3931 Lakeview Corporate Dr,Edwardsville,IL,USA,62025-2801
STL7,3931 Lakeview Corporate Drive,Edwardsville,IL,USA,62025
STL8,4000 PREMIER PKWY,SAINT PETERS,MO,USA,63376
STL9,8850 Springdale Ave,Berkeley,MO,USA,63114-2403
STN1,2 Dell Pkwy,Nashville,TN,USA,37217
STP2,10655 COUNTY ROAD 81,MAPLEGROVE,MN,USA,55369
INY4,150 E 53rd St,NEW YORK,NY,USA,10022
INY5,315 Park Ave S,NEW YORK,NY,USA,10010
INY6,30 Rockefeller Plaza,New York,NY,USA,10112
INY7,11 W. 42nd St.,New York,NY,USA,10036
INY9,165 Broadway,New York,NY,USA,10006
IRV1,4139 Campus Drive,Irvine,CA,USA,92612
ISE1,2131 7th Ave,Seattle,WA,USA,98121
ISE2,"1227 124th Ave NE, Building 2, Suite A200",Bellevue,WA,USA,98004
ISE5,20202 84th Ave South,Kent,WA,USA,98032
ISE6,307 Fairview Avenue North,Seattle,WA,USA,98109
ISE7,920 5th Avenue,Seattle,WA,USA,98104
ISE8,20202 84th Ave South,Kent,WA,USA,98032
ISE9,1122 Madison,Seattle,WA,USA,98104
ISF1,300 California St.,San Francisco,CA,USA,94104
ISF2,98 Post St.,San Francisco,CA,USA,94104
ISF3,845 Market St,San Francisco,CA,USA,94103
ISF4,3 Embarcadero Center,San Francisco,CA,USA,94111
ISF5,575 Market St,San Francisco,CA,USA,94105
ISM1,2314 WAVERLY BARN RD,DAVENPORT,FL,USA,33897
IST1,1555 N. Chrisman Rd,Tracy,CA,USA,95304
ITUS,1926 6TH AVE S,SEATTLE,WA,USA,98134
ITX1,9851 Fallbrook Pines,Houston,TX,USA,77064-3329
ITX2,6811 Fairbanks N Houston Road,Houston,TX,USA,77040-1437
IUSA,1001 W Walnut St,Compton,CA,USA,90220-5111
IUSE,10 Sonny Perdue Drive,SAVANNAH,GA,USA,31408
IUSK,4501 Patterson Ave,PERRIS,CA,USA,92571
IUSL,600 PRINCIPIO PKWY W,NORTH EAST,MD,USA,21901
IUSM,4200 FERRY RD,NAPERVILLE,IL,USA,60563
IVSA,4620 OLYMPIC BLVD.,ERLANGER,KY,USA,41018
IVSB,3521 POINT PLEASANT RD.,HEBRON,KY,USA,41048
IVSC,1225 Forest Parkway,West Deptford,NJ,USA,8066
IVSD,800 ARLINGTON BLVD,SWEDESBORO,NJ,USA,8085
IVSE,2951 MARION DR UNIT 101,LAS VEGAS,NV,USA,89115
IVSF,2821 MARION DR,LAS VEGAS,NV,USA,89115
IWA2,15518 Meridian Ave E,Puyallup,WA,USA,98375
Jan1,219 MADISON COUNTY PARKWAY,CANTON,MS,USA,39046
JAX1,12900 Pecan Park Road,Jacksonville,FL,USA,32218
JAX2,12900 Pecan Park Rd,Jacksonville,FL,USA,32218-2432
JAX3,13333 103rd St,Jacksonville,FL,USA,32210-8686
JAX5,4948 BULLS BAY HWY,JACKSONVILLE,FL,USA,32219
JAX6,2619 IGNITION DR,JACKSONVILLE,FL,USA,32218
JAX7,10501 COLD STORAGE RD,JACKSONVILLE,FL,USA,32218
JFK2,7 W 34th St,New York,NY,USA,10001
JFK7,7 W 34th St,New York,NY,USA,10001-8100
JFK8,546 Gulf Ave.,Staten Island,NY,USA,10314
JFK9,80 Grumman Rd W,Bethpage,NY,USA,11714-5000
JHW1,4333 INTEGRATION LOOP,COLORADO SPRINGS,CO,USA,80916
JVL1,1255 GATEWAY BLVD,BELOIT,WI,USA,53511
KBWI,27350 Mathison Way,Baltimore,MD,USA,21240
KCA6,1553 N Alder Ave,RIALTO,CA,USA,92376
KCA8,1553 N Alder Ave,RIALTO,CA,USA,92376
PISB,376 Zappos.com Blvd,Shepherdsville,KY,USA,40165
PISC,271 Omega Parkway,Shepherdsville,KY,USA,40165
PIT2,101 N Campus Dr,Imperial,PA,USA,15125-2402
PIT5,2250 Roswell Dr,Pittsburgh,PA,USA,15205-1800
PIT9,3400 POTATO GARDEN RUN RD,IMPERIAL,PA,USA,15126
PKC1,30901 W 185th St,EDGERTON,KS,USA,66021
PMD1,COLUMBIA AVE,PALMDALE,CA,USA,98550
PNE1,2455 BOULEVARD OF THE GENERALS,NORRISTOWN,PA,USA,19403
PNE2,18 Applegate Dr.,Robbinsville,NJ,USA,08691-2342
PNE5,18 APPLEGATE DR.,ROBBINSVILLE,NJ,USA,8691
POD1,560 Merrimac Avenue,MIDDLETOWN,DE,USA,19709
POD4,14601 Grant Street,THORNTON,CO,USA,80023
POH1,1901 Beggrow St,Lockbourne,OH,USA,43137-7566
POH2,1901 Beggrow St,Lockbourne,OH,USA,43137-7566
POR1,1131 SW Jefferson,Portland,OR,USA,97201
POZ1,st,Pozna?,pr,Poland,zip
PPA1,545 Oak Hill Road,Mountaintop,PA,USA,18707-2141
PPA2,1057 HANOVER ST,HANOVERTOWNSHIP,PA,USA,18706
PPH3,2306 South Street,PHILADELPHIA,PA,USA,19146-1122
PPX2,3809 E. WATKINS ST,PHOENIX,AZ,USA,85034
PRG1,U Trati 216,Dobrovfz,pr,Czech Republic,25261
PRG2,K Amazonu 256,Dobrovfz,pr,Czech Republic,25261
PRTO,6110 Cantay Rd.,Mississauga,ON,Canada,L5R 3W
PSP1,1010 W. Fourth St.,BEAUMONT,CA,USA,92223
PTX1,2101 Danieldale Road,Lancaster,TX,USA,75134-1551
PUR1,1198 Third Street,West Lafayette,IN,USA,47907
PWA1,2309 Milwaukee Way,Tacoma,WA,USA,98421-2709
QAE1,2121 7th Ave.,SEATTLE,WA,USA,98121
R1C1,5000 COMMERCE WAY,PETERSBURG,VA,USA,23803-6917
RAC2,3940 S. Lakeside Dr.,WAUKEGAN,IL,USA,60085
RAD1,3818 Logistics Way,Antioch,TN,USA,37013
RBD5,3500 S. AIRFIELD DR,IRVING,TX,USA,75261
RCLJ,3540 BIRTCHER DR,LAS VEGAS,NV,USA,89119
RDG1,3563 Mountin Rd,Hamburg,PA,USA,19526-7947
RDG2,270 MIDWAY RD,BETHEL,PA,USA,19507
RDU1,4851 JONES SAUSAGE ROAD,GARNER,NC,USA,27529
RDU2,2095 West Market Street,SMITHFIELD,NC,USA,27577
RDU5,1805 TW ALEXANDER DRIVE,DURHAM,NC,USA,27703-8389
RDU9,13875 Senator Ralph Scott Prkwy,Mebane,NC,USA,27302
RELO,201 Spear St,San Francisco,CA,USA,94105-1630
RFD1,"4650 SHEPARD TRAIL, SUITE A",ROCKFORD,IL,USA,61103
RFD2,41W368 Freeman Road,HUNTLEY,IL,USA,60142
RGA1,4600 OLYMPIC BLVD,ERLANGER,KY,USA,41018
RHA1,635 Elliott Ave W,SEATTLE,WA,USA,98119
RIC1,5000 Commerce Way,Petersburg,VA,USA,23803-6917
RIC2,1901 MEADOWVILLE TECHNOLOGY PKWY,CHESTER,VA,USA,23836-2841
RIC3,4949 Commerce Rd.,Richmond,VA,USA,23234
RIC4,5901 RICHMOND HENRICO TPKE,RICHMOND,VA,USA,23227
RIC5,11600 N. LAKERIDGE PARKWAY,ASHLAND,VA,USA,23005
RIC9,11600 N Lakeridge Pkwy,Ashland,VA,USA,23005
RIM2,777 Freeport Pkwy.,COPPELL,TX,USA,75019
VUBP,6500 POWERLINE RD,SACRAMENTO,CA,USA,95835
VUBQ,700 PALMETTO LOGISTICS PKWY STE A,PALMETTO,GA,USA,30268
VUBR,1405 N LOCUST AVE,RIALTO,CA,USA,92376
VUBS,121 RIDGE RD,JAMESBURG,NJ,USA,8831
VUCA,702 Commerce Drive,University Park,IL,USA,60484
VUCB,5197 Commerce Drive,YORK,PA,USA,17408
VUCF,1467 Perryman Rd,ABERDEEN,MD,USA,21001
VUCG,1595 Oakley Industrial Blvd,FAIRBURN,GA,USA,30213
VUCH,17486 NISQUALLI RD,VICTORVILLE,CA,USA,92395
VUCL,1460 CARGO CT,MINOOKA,IL,USA,60447
VUCO,960 WAUHATCHIE PIKE,CHATTANOOGA,TN,USA,37419
VUCP,84 ZIONS VIEW RD,MANCHESTER,PA,USA,17345
VUCT,13401 ASHMORE LN,NORTHLAKE,TX,USA,76262
VUFC,115 KENNEDY DR,SAYREVILLE,NJ,USA,8872
VUGA,508 Delaware Ave,West Pittston,PA,USA,18643
VUGE,3450 Dulles Dr,Mira Loma,CA,USA,91752-3242
VUGH,7875 White Road,Austell,GA,USA,30168
VUGJ,4275 Fritch Dr,Bethlehem,PA,USA,18020
VUGK,4120 Indian Ave,Perris,CA,USA,92571-7413
VUGL,1200 Distribution Drive,Carlisle,PA,USA,17013
VUGM,597 Alexander Spring Rd.,Carlisle,PA,USA,17015
VUGO,300 Interstate West Parkway,Austell,GA,USA,30168
VUGP,234 Walnut Bottom Road,Shippensburg,PA,USA,17257
VUGR,1565 N Mac Arthur Dr.,TRACY,CA,USA,95376
VUGT,17789 Harvill Avenue,PERRIS,CA,USA,92570
VUGX,2 ABBOTT PARK WAY,TIPP CITY,OH,USA,45371
VUH1,0200 AMARGOSA RD,HESPERIA,CA,USA,92345
VUH2,2001 Commerce Parkway,FRANKLIN,IN,USA,46131
VUH3,101 ONEIL ROAD,SIDNEY,NY,USA,13838
VUH4,2830 E Philadelphia Street,ONTARIO,CA,USA,91761
VUH5,800 W Stephens St,ARLINGTON,TX,USA,76017
VUH6,5900 Long Creek Park Dr,CHARLOTTE,NC,USA,28269
VUH7,3355 E Cedar St,ONTARIO,CA,USA,91761
VUH8,4433 Fyler Avenue,SAINT LOUIS,MO,USA,63116
VUH9,2325 Cottonwood Ave,RIVERSIDE,CA,USA,92508
VUHA,700 Chase Street,Gary,IN,USA,46404
VUHE,3401 Innovative Way,Mesquite,TX,USA,75149
VUHF,11111 80TH AVE,Pleasant Prairie,WI,USA,53158
VUHG,28625 Fountain Parkway,Solon,OH,USA,44139
VUI1,909 E 236th St,CARSON,CA,USA,90745
VUI2,101 Center Point Drive,ROCHELLE,IL,USA,61068
VUI3,17150 Mercury St.,OLATHE,KS,USA,66061
VUI4,303 Nelson Avenue,NEOSHO,MO,USA,64850
VUI5,13133 Innovation Way,VICTORVILLE,CA,USA,92395
VUI6,15835 San Antonio Ave.,CHINO,CA,USA,91708
VUI7,2801 North Houston School Road,LANCASTER,TX,USA,75134
VUI8,212 Progress Blvd,KENT,OH,USA,44240
VUJ2,13052 Jurupa Ave,FONTANA,CA,USA,92337
VUJC,9606 West Hills Ct Suite A,KUTZTOWN,PA,USA,19530
VUJE,355 Byrd Avenue,NEENAH,WI,USA,54956
VUJH,11940 S HARLAN RD,LATHROP,CA,USA,95330
VUJI,4500 NORTHPORT DR,NORTHLAKE,TX,USA,76262
XUKD,Royal Oak W,Daventry,East Midlands,United Kingdom,NN11 8QL
XUSB,14900 Frye Rd,Fort Worth,TX,USA,76155-2726
XUSC,40 Logistics Dr,Carlisle,PA,USA,17013-7901
XUSD,1909 Zephyr St,Stockton,CA,USA,95206
XUSE,"5490 Industrial Court, Suite 300",Whitestown,IN,USA,46075
XUSF,"901 West Landstreet Road, Suite C",Orlando,FL,USA,32824
XUSG,9645 West Hills Court,Kutztown,PA,USA,19530
XUSH,"7037 West Van Buren Street, Menlo Worldwide Logistics",Phoenix,AZ,USA,85043-3313
XUSI,101 Broome Corporate Pkwy,Conklin,NY,USA,13748
XUSJ,1590 Tamarind Ave,Rialto,CA,USA,92376
XUSK,31450 W 196th St.,Edgerton,KS,USA,66021
XUSL,610 Chelsea Rd,Aberdeen,MD,USA,21001
XUSM,610 Chelsea Road,Aberdeen,MD,USA,21001
XUSN,4200 Ferry Rd,Aurora,IL,USA,60502
XUSO,657 Nance Street,Perris,CA,USA,92571
XUSP,st,Aberdeen,MD,USA,21001
XUSQ,152 Route 206,Hillsborough,NJ,USA,8844
XUSR,5425 Dixie Highway,Saginaw,MI,USA,48601
XUSS,502 10th Ave.,Algona,WA,USA,98001
XUST,3251 De Forest Circle,Mira Loma,CA,USA,91752
XUSU,st,Rock Hill,SC,USA,29730
XUSV,2255 W. Lugonia Avenue,Redlands,CA,USA,92374-5049
XUSW,7911 S 188th St. No. 103,Kent,WA,USA,98032
XUSX,19949 Kendall Dr.,San Bernardino,CA,USA,92407
XUXC,12415 Old Lagrange Rd,Louisville,KY,USA,40245
XUXD,5000 Shelbyville Rd,Louisville,KT,USA,40207
XUXE,17-19 Union Sq. W.,New York,NY,USA,10003
XUXZ,5540 Minor Lane,Louisville,KY,USA,40219
YEG1,1440 39 Ave,Edmonton,AB,Canada,T6W 1A7
YOO1,858 Salem Rd N,Ajax,ON,Canada,L1Z 0K4
YOW1,"5225 Boundary Road, Navan",Ottawa,ON,Canada,K4B 0L3
YVR2,450 Derwent Pl.,Delta,BC,Canada,V3M 5Y9
YVR3,109 Braid Street,New Westminster,BC,Canada,V3L5H4
YVR4,4189 Salish Sea Drive,Tsawwassen,BC,Canada,V4M 0B9
YXX2,16131 Blundell Rd,Richmond,BC,Canada,V6W 0A3
YYC1,293069 Colonel Robertson Way,Calgary,AB,Canada,T0M 0E0
YYZ1,6363 Millcreek Drive,Mississauga,ON,Canada,L5N 1L8
YYZ2,2750 Peddie Rd,Milton,ON,Canada,L9T 0K1
YYZ3,7995 Winston Churchill Blvd.,Brampton,ON,Canada,L6Y 5Z4
YYZ4,8050 Heritage Road,Brampton,ON,Canada,L6Y 0C9
YYZ6,8050 Heritage Road,Brampton,ON,Canada,L6Y0C9
YYZ7,12724 Coleraine Dr,Bolton,ON,Canada,L7E 4L8
YYZ9,900 Passmore Ave,Scarborough,ON,Canada,M1X 0A1
ZAP1,9101 Minor Lane,Louisville,KY,USA,40219
ZAP2,9101 Minor Lane,Louisville,KY,USA,40219
ZAP3,12415 Old Lagrange Rd,Louisville,KY,USA,40245
ZYO1,3850 21st St,Long Island City,NY,USA,11101-3604
ZYO2,1894 Shore Parkway,Brooklyn,NY,USA,11214
PIT1,2250 Roswell Drive,Pittsburgh,PA,USA,15205
RIM3,4545 Spring Valley Rd.,DALLAS,TX,USA,75224
RJY1,3301 Wayne Trace,FORT WAYNE,IN,USA,46806
RJY2,1450 Atlantic Ave,ROCKY MOUNT,NC,USA,27801
RJY3,1 General Way,MAYFIELD,KY,USA,42066
RJY4,4501 Mitchell St.,NORTH LAS VEGAS,NV,USA,89081
RNM9,1075 Aviation Blvd,HEBRON,KY,USA,41048
RNO1,1600 E NEWLANDS DR,FERNLEY,NV,USA,89408-8903
RNO2,8000 North Virginia Street,Reno,NV,USA,85906
RNO3,555 MILAN DRIVE,SPARKS,NV,USA,89434-5606
RNO4,8000 N Virginia St,Reno,NV,USA,89506
RNT9,7449 45th St CTE,Fife,WA,USA,98424-3775
ROC1,2600 MANITOU RD,ROCHESTER,NY,USA,14653
RPNC,165 One Genesis Way,SPRUCE PINE,NC,USA,28777
RPNV,4950 Joule St.,RENO,NV,USA,89502
RRPR,1910 International Way,HEBRON,KT,USA,41048
RSC1,1651 California St,Redlands,CA,USA,92374
RSW5,16581 Domestic Ave,Fort Myers,FL,USA,33912
RTPX,2700 Story Road West,IRVING,TX,USA,75038
SAC5,8040 METRO AIR PKWY,SACRAMENTO,CA,USA,95836
SAMA,52500 Ahmadabad.,Ahmadabad,Gujarat,India,zip
SAN3,6971 OTAY MESA RD,SAN DIEGO,CA,USA,92154
SAT1,6000 Enterprise Ave,Schertz,TX,USA,78154-1461
SAT2,1401 E McCarty Ln,San Marcos,TX,USA,78666-8969
SAT3,6806 CAL TURNER DR,SAN ANTONIO,TX,USA,78220
SAT4,10390 US 90 E,San Antonio,TX,USA,78245
SAT5,1410 SOUTH CALLAGHAN RD,SAN ANTONIO,TX,USA,78227-2204
SAT6,1346 FORTUNA RD,SAN MARCOS,TX,USA,78666
SAT9,1214 N FOSTER RD,SAN ANTONIO,TX,USA,78220
SAV1,"Georgia Ports Authority, Garden City Terminal, Building CFS #2",Garden City,GA,USA,31408
SAV3,7001 Skipper Rd,Macon,GA,USA,31216-6427
SAV4,800 PINE MEADOW DR,POOLER,GA,USA,31322
SAX1,4041 PECK RD,EL MONTE,CA,USA,91732-2246
SAX2,2246 S GRAND AVE,SANTA ANA,CA,USA,92705-5210
SAX3,1245 N SPRING ST,LOS ANGELES,CA,USA,90012
SAX4,5239 N FIGUEROA ST,LOS ANGELES,CA,USA,90042
SAX5,725 CROCKER ST,LOS ANGELES,CA,USA,90021
SAZ1,3333 S. 7th St.,Phoenix,AZ,USA,85040
SBD1,3388 S Cactus Ave,Bloomington,CA,USA,92316-3819
SBD2,1494 S Waterman Ave,SAn Bernardino,CA,USA,94208-2805
SBD3,5990 N. CAJON BLVD,SAN BERNARDINO,CA,USA,92407
SBD5,11100 IBERIA ST,JURUPA VALLEY,CA,USA,91752
SBD6,EUCALYPTUS AVE,CHINO,CA,USA,91708
SBOA,52500 Mumbai.,Mumbai,Maharashtra,India,zip
SBPX,st,Somerset,NJ,USA,8873
SBU1,"100 Nicolas Road, Frank Melville Jr. Library, Room E0319",Stony Brook,NY,USA,11794
SBX2,"4718 Helgesen Drive, Suite 1",Madison,WI,USA,53718-6740
SCA2,12453 SAN PABLO AVE,RICHMOND,CA,USA,94805-1954
SCA3,10 N MAIN ST,MILPITAS,CA,USA,95035-4342
SCA4,16915 Via Del Campo,San Diego,CA,USA,92127
SCA5,1120 EXPOSITION BLVD,SACRAMENTO,CA,USA,95815-4328
SCA6,3096 MCCLINTOCK AVE,LOS ANGELES,CA,USA,90089-3504
HIL2,1111 N Cherry Ave,Chicago,IL,USA,60642-4204
HIL3,30260 Graaskamp Blvd,WILMINGTON,IL,USA,60481
HIN9,19 BOB GLIDDEN BLVD,WHITELAND,IN,USA,46184
HIO9,23677 NM Huffman St.,Hillsboro,OR,USA,97124
HJX9,2780 LLOYD RD,JACKSONVILLE,FL,USA,32254
HLA9,4375 N Perris Blvd.,PERRIS,CA,USA,92571
HLU9,3931 LAKEVIEW CORPORATE DR,EDWARDSVILLE,IL,USA,62025
HMD3,13905 Crayton Blvd,HAGERSTOWN,MD,USA,21742
HME9,4477 WINCHESTER RD,MEMPHIS,TN,USA,38118
HMK4,16555 W Small Rd,New Berlin,WI,USA,53151
HMO3,83307 Hermosillo,Hermosillo,Sonora,Mexico,83180
HMS9,9800 217TH ST W,LAKEVILLE,MN,USA,55044
HMW1,30260 GRAASKAMP BLVD,WILMINGTON,IL,USA,60481
HMW3,6651 Chippewa St,SAINT LOUIS,MO,USA,63109
HMW4,263 E Whittier St,COLUMBUS,OH,USA,43206
HNC3,1850 E 3RD ST,CHARLOTTE,NC,USA,28204
HND2,25900 915 Aoyagi,Sayama-shi,Saitama,Japan,350-1301
HND3,355300 2-1-1 2FL Kawashima,"Kawajima-machi, Hiki-gun",Saitama,Japan,350-0168
HNE1,2205 STATE ROUTE 27,EDISON,NJ,USA,8817
HNJ2,940 Monroe Street,Hoboken,NJ,USA,7030
HNW1,20529 24th Ave S,SEATAC,WA,USA,98198
HOU1,8120 Humble Westfield Rd,Humble,TX,USA,77338-4142
HOU2,10550 Ella Blvd,Houston,TX,USA,77038-2324
HOU3,778 Igloo Rd,Katy,TX,USA,77423-2769
HOU5,22525 Clay Rd,Katy,TX,USA,77449-8200
HOU6,10507 HARLEN BLVD,RICHMOND,TX,USA,77407
HOU7,"16225 TOMBALL PKWY, BLDG 1",HOUSTON,TX,USA,77064
HOU8,2303 HURRICANE LANE,FRESNO,TX,USA,77545
HOU9,22525 CLAY RD,KATY,TX,USA,77449
HOUX,2701 W Bethel Road,Coppell,TX,USA,75261
HPD9,15000 N LOMBARD,PORTLAND,OR,USA,97203
HPH9,298 1ST AVE,GOULDSBORO,PA,USA,18424
HPX9,3333 S 59TH AVE,PHOENIX,AZ,USA,85043
HRB1,"Haerbin, Heilongjiang",Haerbin,Heilongjiang,China,zip
HRC9,4949 Commerce Rd.,RICHMOND,VA,USA,23234
HSE1,13905 CRAYTON BLVD,HAGERSTOWN,MD,USA,21742
HSF6,1401 GRIFFITH ST,SAN FRANCISCO,CA,USA,94124
HSF9,44051 OSGOOD RD,FREEMONT,CA,USA,94539
HSG1,3-1-3 Yayoigaoka,Tosu-shi,Saga,Japan,841-0005
HSH1,5801 NICCO WAY,LAS VEGAS,NV,USA,89115
HSL9,355 N JOHN GLENN RD,SALT LAKE CITY,UT,USA,84116
HSV1,23366 BIBB GARRETT RD,TANNER,AL,USA,35671
HTN3,555 EXPRESSWAY PARK DR,NASHVILLE,TN,USA,37210
HTP9,3400 NW 35th Ave. Rd.,OCALA,FL,USA,34475
HTX1,4221 Way Out West Drive,Houston,TX,USA,77092
HTX2,4221 Way Out West Drive,Houston,TX,USA,77092-1455
HTX3,1755 FEDERAL RD,HOUSTON,TX,USA,77015
HWA1,"11710 118th Ave NE, Building B",Kirkland,WA,USA,98034
HWA2,11710 118th Ave NE,Kirkland,WA,USA,98034
HWA3,20202 84th AVE S,Kent,WA,USA,98032
HWA4,3138 200TH ST E,SPANAWAY,WA,USA,98387
SUOQ,3700 Cover St,Long Beach,CA,USA,90808
SUOR,3820 Hempland Rd,Mountville,PA,USA,17544
SUOS,"9655 SW SUNSHINE CT, SUITE 300",BEAVERTON,OR,USA,97005
SUOT,3820 Hempland Rd,Mountville,PA,USA,17544
SUOW,9655 SW Sunshine CT,Beaverton,OR,USA,97005
SUOX,19 Robert Pitt Drive STE 103,Monsey,NY,USA,10952
SUOY,1728 Smallman St.,Pittsburgh,PA,USA,15222
SUOZ,"359 Pike Court, Suite 500",La Porte,TX,USA,77571
SUPA,412 Technology Drive E.,Menomonie,WI,USA,54571
SUPB,412 Technology Drive E.,Menomonie,WI,USA,54751
SUPC,503 West High St,Hicksville,OH,USA,43526
SUPD,8320 Baycenter Rd,Jacksonville,FL,USA,32256
SUPE,7886 Deering Ave.,Canoga Park,CA,USA,91304
SUPG,3725 Swenson Rd,St Charles,IL,USA,60174
SUPH,4201 tonelle ave,North Bergen,NJ,USA,7047
SUPI,2325 Raymer Avenue,Fullerton,CA,USA,92833
SUPJ,4737 van dam street,Long island City,NY,USA,11101
SUPK,9851 Owensmouth Ave,Chatsworth,CA,USA,91311
SUPL,587 Apollo St,Brea,CA,USA,92821
SUPM,1-AB Terminal Way,Avenel,NJ,USA,7001
SUPN,4201 tonelle ave,North Bergen,NJ,USA,7047
SUPP,230 Centerpoint BLVD,New Castle,DE,USA,19720
SUPQ,230 Centerpoint BLVD,New Castle,DE,USA,19720
SUPR,9414 E San Salvador Dr,Scottsdale,AZ,USA,85258
SUSA,"7201 Intermodal Dr, Suite C",Louisville,KY,USA,40258
SUSE,188 County Road 4226,Decatur,TX,USA,76234
SUSF,840 Wheeling Rd,Wheeling,IL,USA,60090
SUSG,500 S Main Street,Mooresville,NC,USA,28117
SUSH,16792 Burke Lane,Huntington Beach,CA,USA,92647
SUSI,7194 Big Sky Drive Suite 5,Holly,MI,USA,48442
SUSJ,8427 South Old Bingham Hwy,West Jordan,UT,USA,84088
SUSK,"153 Washington St, 1st Floor",East Walpole,MA,USA,2032
SUSL,"153 Washington St, 1st Floor",East Walpole,MA,USA,2032
SUT1,6338 West 700 North,SALT LAKE CITY,UT,USA,84116
SUTA,4503 Airwest DR SE,Kentwood,MI,USA,49512
SUVA,8933 Lyndale Ave S,Bloomington,MN,USA,55420
SUWB,150 Ethel Road West,Piscataway,NJ,USA,8854
SUXA,345 Boren Ave N,Seattle,WA,USA,98109
SUXC,345 Boren Ave N,Seattle,WA,USA,98109
SUZA,345 Boren Ave N,Seattle,WA,USA,98109
SUZB,345 Boren Ave N,Seattle,WA,USA,98109
SUZC,345 Boren Ave N,Seattle,WA,USA,98109
SVA1,99 S 6TH ST,RICHMOND,VA,USA,23219
SVRH,st,Fort Lauderdale,FL,USA,33315
SWA1,607 RIVERSIDE ROAD,EVERETT,WA,USA,98201
SWA2,3610 S. EDMUNDS ST.,SEATTLE,WA,USA,98118
SWF1,635 INTERNATIONAL BLVD,ROCK TAVERN,NY,USA,12575-5150
SWF2,1940 ROUTE 52,EAST FISHKILL,NY,USA,12533
SWI1,W232 N2950 Roundy Circle E,PEWAUKEE,WI,USA,53072
SXWL,st,Rockaway,NJ,USA,7866
SYR1,SC 7211 MORGAN RD,CLAY,NY,USA,13090
SZBV,st,Copiague,NY,USA,11726
SCE1,134 South Allen St,State College,PA,USA,16801
SCK1,4611 Newcastle Rd,Stockton,CA,USA,95215-9446
SCK3,3565 N Airport Way,Maneca,CA,USA,95336-8696
SCK4,6001 S. AUSTIN RD,STOCKTON,CA,USA,95215
SCK6,"Grant Line Road, N Chrisman Road",TRACY,CA,USA,95304
SCK9,4601 NEWCASTLE RD,STOCKTON,CA,USA,95215
SCO1,6050 Washington St,Denver,CO,USA,80216-1285
SDC1,6885 Commercial Dr.,Springfield,VA,USA,22151
SDC2,2 UNIVERSITY BLVD W,SILVER SPRING,MD,USA,20901-2438
SDEA,"A-43, Ground Floor, Mohan Cooperative Industrial Estate, Main Mathura Ro","Badarpur, South Delhi",Delhii,India,zip
SDF1,1048 S COLUMBIA AVE,CAMPBELLSVILLE,KY,USA,42718
SDF2,"4360 Robards Ln, Attn: Receiving",Louisville,KY,USA,40218-4512
SDF4,376 Zappos.com Blvd,Shepherdsville,KY,USA,40165
SDF6,271 Omega Pkwy,Shepherdsville,KY,USA,40165-8505
SDF7,300 Omicron Court,Shepherdsville,KY,USA,40165
SDF8,900 PATROL RD,JEFFERSONVILLE,IN,USA,47130-7761
SDF9,100 W Thomas P Echols Ln,Shepherdsville,KY,USA,40165-7594
SDL2,6395 N. Sarival Road,LITCHFIELD PARK,AZ,USA,85340
SEA6,2646 Rainier Ave. South,Seattle,WA,USA,98144-5331
SEA8,1227 124TH AVE NE,BELLEVUE,WA,USA,98005-2111
SFBG,st,Lakewood,NJ,USA,8701
SFL1,7469 Kingspointe Pkwy,ORLANDO,FL,USA,32819
SFL2,7004 E Broadway Ave,Tampa,FL,USA,33619-1831
SFL3,6901 N Hiatus Rd,Tamarac,FL,USA,33321-6433
SFL4,6337 Country Road 579,Seffner,FL,USA,33584
SFO21,26464 Corporate Ave,Hayward,CA,USA,94545-3914
SFO3,5250 NEWCASTLE RD,STOCKTON,CA,USA,95215-8345
SGA1,4925 Avalon Ridge Prkwy,Norcross,GA,USA,30071-1571
SGA2,1707 BLAIRS BRIDGE RD,LITHIA SPRINGS,GA,USA,30122
SHA1,GLP Park Suzhou Industrial Park,Suzhou,Jiangsu,China,zip
SHA2,HuaQiao Near Shanghai,Kunshan,Jiangsu,China,zip
SHA3,China (Shanghai) Pilot Free-Trade Zone,Shanghai,pr,China,zip
SHE1,Shenyang. Liaoning,Shenyang,Liaoning,China,zip
SHV1,1625 CORPORATE DR,SHREVEPORT,LA,USA,71107
SIL1,2379 Davey Rd.,Woodridge,IL,USA,60517
SIL2,7555 LINDER AVE,SKOKIE,IL,USA,60077
SIL3,"27W501 NORTH AVE, SUITE 100",WEST CHICAGO,IL,USA,60185
SIN9,305 Chaney Ave,Greenwood,IN,USA,46143-0116
SJAA,7000,Jaipur,Rajasthan,India,zip
SJC7,188 MOUNTAIN HOUSE PKWY,TRACY,CA,USA,95377-8906
SJC9,1455 valley drive,Brisbane,CA,USA,94005
SJWV,st,Murfreesboro,TN,USA,37129
SKPN,st,Mundelein,IL,USA,60060
SKTB,st,Montgomeryville,PA,USA,18936
SLA5,5250 Goodman Way,Eastvale,CA,USA,91752-5088
SLA6,5250 GOODMAN WAY,EASTVALE,CA,USA,91752
SLC1,777 N. 5600 W,SALT LAKE CITY,UT,USA,84116-3707
SLC2,6802 W OLD BINGHAM HWY,WEST JORDAN,UT,USA,84095
SLC3,355 N. JOHN GLENN RD.,SALT LAKE CITY,UT,USA,84116
SLC4,"770 SOUTH GLADIOLA , STE 500",SALT LAKE CITY,UT,USA,84104
SLC9,308 N 6550 W,Salt Lake City,UT,USA,84116-2844
